message_id,timestamp,author_name,author_nickname,is_mentor,symbol,direction,entry,sl,tps,confidence,content_pl,content_en,attachment_count
970590638905106452,2022-05-02T09:40:41.017+02:00,kiewra82,Karol Kiewra,false,USOIL,BUY,400,,,high,"CL wejście w pozycję long z wykresu 400, ale określenie targetu na podstawie  szerszej perspektywy tzn. 10000 ticków, nie ustawiłem na 3 rd leg Measured-Move (duży zakres -prawie 700 ticków) mój tp2 to i tak nie mało (400 ticków), dzisiaj wolumen słaby, także z realizacją będzie ciężko.","CL wejście w pozycję long z wykresu 400, ale określenie targetu na podstawie  szerszej perspektywy tzn. 10000 ticków, nie ustawiłem na 3 rd leg Measured-Move (duży zakres -prawie 700 ticków) mój tp2 to i tak nie mało (400 ticków), dzisiaj wolumen słaby, także z realizacją będzie ciężko.",0
971346390024335391,2022-05-04T11:43:46.125+02:00,kiewra82,Karol Kiewra,false,GC,BUY,20,,,high,"GC  wyznaczyłem kanał wzrostowy zagranie pozycja buy limit, (jest jednak opcja że magnesem będzie otwarcie dnia- przynajmniej do godziny 20:00) https://prnt.sc/_K3mxlVWGD99","GC  wyznaczyłem kanał wzrostowy zagranie pozycja buy limit, (jest jednak opcja że magnesem będzie otwarcie dnia- przynajmniej do godziny 20:00) https://prnt.sc/_K3mxlVWGD99",0
975643987723554866,2022-05-16T08:20:53.262+02:00,kiewra82,Karol Kiewra,false,USOIL,BUY,10,,,high,CL zagranie buy stop https://prnt.sc/b7Iy3bA310JQ,CL zagranie buy stop https://prnt.sc/b7Iy3bA310JQ,0
979285622613237760,2022-05-26T09:31:26.678+02:00,kiewra82,Karol Kiewra,false,GC,BUY,50,,,high,GC może ryzykownie ale jest reakcja na 50% także będzie zagranie long,GC może ryzykownie ale jest reakcja na 50% także będzie zagranie long,1
980782207528480768,2022-05-30T12:38:20.327+02:00,michalwik,Michał Wik,false,XAUUSD,BUY,2,,,high,"#Gold https://i.imgur.com/rYcBBpv.png wszedłem na retest świecy sygnałowej - tochę na siłę i jednak to się udało. Wystarczyło jednak pomyśleć o ruchu Spike już wcześniej po 2leg Pulbacki była idealna świeca sygnałowa. Azjaci poszli do góry, a Londyńczycy zmierzają do otwarcia. Było też przebicie od 1 z tygodniowych zniesień.","#Gold https://i.imgur.com/rYcBBpv.png wszedłem na retest świecy sygnałowej - tochę na siłę i jednak to się udało. Wystarczyło jednak pomyśleć o ruchu Spike już wcześniej po 2leg Pulbacki była idealna świeca sygnałowa. Azjaci poszli do góry, a Londyńczycy zmierzają do otwarcia. Było też przebicie od 1 z tygodniowych zniesień.",0
984483465351282718,2022-06-09T17:45:48.958+02:00,szymonzxy,SimonxyZ,false,USOIL,BUY,0,,,high,CL - Opcja na Long https://prnt.sc/0O_Oxb3L38pi - Swieca sygnałowa i go silny opór na 120.90,CL - Opcja na Long https://prnt.sc/0O_Oxb3L38pi - Swieca sygnałowa i go silny opór na 120.90,0
992506371167748188,2022-07-01T21:05:58.763+02:00,szymonzxy,SimonxyZ,false,NQ,SELL,,,,high,https://prnt.sc/6zCbgOx66Mnf moze short na NQ hmm,https://prnt.sc/6zCbgOx66Mnf moze short na NQ hmm,0
994178205659435008,2022-07-06T11:49:15.167+02:00,kiewra82,Karol Kiewra,false,NQ,BUY,0,,,high,NQ zlecenie buy stop https://prnt.sc/psBtZAX20uHT,NQ zlecenie buy stop https://prnt.sc/psBtZAX20uHT,0
999794681531617331,2022-07-21T23:47:07.364+02:00,allintraders,ALLin Pablo Gradziuk,true,XAUUSD,SELL,0,,,high,"#GOLD

Nie ma sensu rozpisywać się na temat tła, ponieważ z #📕・pac wynika bardzo ciekawa sytuacja. 

Widzę Bearish Channel Rotation - Trend Spadkowy.
Problemem dla mnie jest klarowne wskazanie Targetu dla sprzedających, poza oczywistym dolnym zakresem rotacji.
Dziś pojawił sie ruch typu Spike, przechodzi on cały zakres Channel Rotation, powoduje wyraźne przejście nad EMA.
W chwili obecnej nie podpalam sie ale widzę potencjał do odwrócenia się Trendu Spadkowego po utrzymaniu Pullback nad EMA i w okolicy górnego zakresu Channel Rotation - to pozwoli mi utworzyć Hidden Channel Bullish.
Jeśli ten ruch się rozpocznie [up] to liczę, że droga będzie spokojna aż do strefy Big Short - tam oczekuję krwi :bull: :bear: 

https://prnt.sc/0yM5KZ56Fyb9","#GOLD

Nie ma sensu rozpisywać się na temat tła, ponieważ z #📕・pac wynika bardzo ciekawa sytuacja. 

Widzę Bearish Channel Rotation - Trend Spadkowy.
Problemem dla mnie jest klarowne wskazanie Targetu dla sprzedających, poza oczywistym dolnym zakresem rotacji.
Dziś pojawił sie ruch typu Spike, przechodzi on cały zakres Channel Rotation, powoduje wyraźne przejście nad EMA.
W chwili obecnej nie podpalam sie ale widzę potencjał do odwrócenia się Trendu Spadkowego po utrzymaniu Pullback nad EMA i w okolicy górnego zakresu Channel Rotation - to pozwoli mi utworzyć Hidden Channel Bullish.
Jeśli ten ruch się rozpocznie [up] to liczę, że droga będzie spokojna aż do strefy Big Short - tam oczekuję krwi :bull: :bear: 

https://prnt.sc/0yM5KZ56Fyb9",0
1002457756927807519,2022-07-29T08:09:14.016+02:00,kiewra82,Karol Kiewra,false,XAUUSD,BUY,100,,,high,:gold: :BUY: kupujący zrealizowali plan z sesji w 100% https://prnt.sc/IxGXX4V3Ym_z,:gold: :BUY: kupujący zrealizowali plan z sesji w 100% https://prnt.sc/IxGXX4V3Ym_z,0
1002461990473703464,2022-07-29T08:26:03.372+02:00,kiewra82,Karol Kiewra,false,US500,BUY,,,,high,:US500: :BUY: po takiej sygnałowej grzech nie zagrać😎,:US500: :BUY: po takiej sygnałowej grzech nie zagrać😎,1
1003726868660371456,2022-08-01T20:12:13.832+02:00,silny9867,Silny,false,US500,SELL,,,,high,:US500: :sell:,:US500: :sell:,1
1003949165484724294,2022-08-02T10:55:33.525+02:00,kiewra82,Karol Kiewra,false,USOIL,BUY,0,,,high,:USOIL: :BUY: https://prnt.sc/HAL2vHu50rEW,:USOIL: :BUY: https://prnt.sc/HAL2vHu50rEW,0
1004356130870394956,2022-08-03T13:52:41.634+02:00,kiewra82,Karol Kiewra,false,NQ,SELL,18,,,high,NQ plan zagrania sell - kasuję jak korekta będzie naruszona https://prnt.sc/18BHr-65_2ij,NQ plan zagrania sell - kasuję jak korekta będzie naruszona https://prnt.sc/18BHr-65_2ij,0
1006439900834443345,2022-08-09T07:52:51.108+02:00,kiewra82,Karol Kiewra,false,XAUUSD,BUY,8,,,high,:gold: :BUY: https://prnt.sc/s7bEDiV18Oc_,:gold: :BUY: https://prnt.sc/s7bEDiV18Oc_,0
1006596055774810182,2022-08-09T18:13:21.347+02:00,michalwik,Michał Wik,false,XAUUSD,BUY,3,,,high,":gold: :BUY:  może znowu trochę lekko spóźnione wejście, ale udane na samo przebicie NLO https://i.imgur.com/Zcmd03q.png",":gold: :BUY:  może znowu trochę lekko spóźnione wejście, ale udane na samo przebicie NLO https://i.imgur.com/Zcmd03q.png",0
1006807230399651861,2022-08-10T08:12:29.301+02:00,kiewra82,Karol Kiewra,false,USOIL,SELL,29,,,high,:USOIL: :sell:  potencjał na duży sell (są miejsca na których była reakcja w punkt) https://prnt.sc/zplRH6C7_29o,:USOIL: :sell:  potencjał na duży sell (są miejsca na których była reakcja w punkt) https://prnt.sc/zplRH6C7_29o,0
1007341677540802561,2022-08-11T19:36:11.429+02:00,silny9867,Silny,false,NAS100,SELL,,,,high,:NAS100: :sell: :pac: StopLoss:strata:,:NAS100: :sell: :pac: StopLoss:strata:,1
1007559677510430750,2022-08-12T10:02:26.672+02:00,silny9867,Silny,false,XAUUSD,BUY,3,,,high,:XAUUSD: :BUY: :pac:  3rd leg measured move,:XAUUSD: :BUY: :pac:  3rd leg measured move,1
1007573853200977930,2022-08-12T10:58:46.42+02:00,kiewra82,Karol Kiewra,false,USOIL,SELL,7,,,high,:USOIL: :sell:  tak to dzisiaj widzę https://prnt.sc/ZWrCC_y_7DKL,:USOIL: :sell:  tak to dzisiaj widzę https://prnt.sc/ZWrCC_y_7DKL,0
1007644222968569917,2022-08-12T15:38:23.88+02:00,silny9867,Silny,false,US500,BUY,,,,high,:US500: :BUY: :pac: Podsumowanie: TP1 i BE. 🤑,:US500: :BUY: :pac: Podsumowanie: TP1 i BE. 🤑,1
1008734469236211732,2022-08-15T15:50:38.846+02:00,silny9867,Silny,false,XAUUSD,SELL,1770,,,high,:gold: :sell: :pac:  Wyglada to obiecujaco 🙂 Gold w dorodze do 1770. Podsumowanie: Zamykam z profitem 🤑,:gold: :sell: :pac:  Wyglada to obiecujaco 🙂 Gold w dorodze do 1770. Podsumowanie: Zamykam z profitem 🤑,1
1008735515144634408,2022-08-15T15:54:48.21+02:00,silny9867,Silny,false,NAS100,BUY,,,,high,:NAS100: :BUY: :pac:  Zabezpieczone BE+ Podsumowanie: Bardzo dobry BE+ 🤑,:NAS100: :BUY: :pac:  Zabezpieczone BE+ Podsumowanie: Bardzo dobry BE+ 🤑,1
1009080885972303903,2022-08-16T14:47:11.032+02:00,kiewra82,Karol Kiewra,false,XAUUSD,BUY,8,,,high,:gold: :BUY: to może w drugą stronę https://prnt.sc/pLDIhctUX08R,:gold: :BUY: to może w drugą stronę https://prnt.sc/pLDIhctUX08R,0
1009732096991965204,2022-08-18T09:54:51.838+02:00,silny9867,Silny,false,US500,SELL,,,,high,:US500: :sell: :pac: Podsumowanie: StopLoss:strata:,:US500: :sell: :pac: Podsumowanie: StopLoss:strata:,1
1009741547778080788,2022-08-18T10:32:25.081+02:00,silny9867,Silny,false,US500,SELL,,,,high,:US500: :sell: :pac: Podsumowanie: StopLoss :strata:,:US500: :sell: :pac: Podsumowanie: StopLoss :strata:,1
1010084619724537907,2022-08-19T09:15:39.807+02:00,kiewra82,Karol Kiewra,false,XAUUSD,SELL,3,,,high,:gold: :sell: https://prnt.sc/jNd03THGzbA_,:gold: :sell: https://prnt.sc/jNd03THGzbA_,0
1010165600473059389,2022-08-19T14:37:27.122+02:00,kiewra82,Karol Kiewra,false,XAUUSD,BUY,50,,,high,:gold: :BUY: Full target (można było celować pod pendolino - ale wystarczy 50 ticków),:gold: :BUY: Full target (można było celować pod pendolino - ale wystarczy 50 ticków),1
1010169913438117908,2022-08-19T14:54:35.413+02:00,kiewra82,Karol Kiewra,false,XAUUSD,BUY,2,,,high,:gold: :BUY: 2 leg Pullback,:gold: :BUY: 2 leg Pullback,1
1011183393553252382,2022-08-22T10:01:47.902+02:00,kiewra82,Karol Kiewra,false,NAS100,SELL,1,,,high,:NAS100: :sell: 1 OPCJA POD 3 RD LEG MM,:NAS100: :sell: 1 OPCJA POD 3 RD LEG MM,1
1011183848488435822,2022-08-22T10:03:36.367+02:00,kiewra82,Karol Kiewra,false,NAS100,BUY,2,,,high,:NAS100: :BUY: 2 OPCJA,:NAS100: :BUY: 2 OPCJA,1
1011215328795185223,2022-08-22T12:08:41.857+02:00,kiewra82,Karol Kiewra,false,USOIL,BUY,1,,,high,:USOIL: :BUY: https://prnt.sc/HUfkM_dE51ES,:USOIL: :BUY: https://prnt.sc/HUfkM_dE51ES,0
1011638347535487026,2022-08-23T16:09:37.384+02:00,silny9867,Silny,false,US500,BUY,,,,high,:US500: :BUY: Podsumowanie: TP1 i BE+++ 🤑,:US500: :BUY: Podsumowanie: TP1 i BE+++ 🤑,1
1011638514389110854,2022-08-23T16:10:17.165+02:00,silny9867,Silny,false,NAS100,BUY,,,,high,:NAS100: :BUY: Podsumowanie: Full TP 🤑,:NAS100: :BUY: Podsumowanie: Full TP 🤑,1
1011895386232868905,2022-08-24T09:11:00.185+02:00,grzegorz_p,Grzegorz_P,false,US500,BUY,,,,high,":US500:  mam pytanie, czy dobrze wszedłem w rynek, setup3? https://prnt.sc/Fct8ZoQTmBgo",":US500:  mam pytanie, czy dobrze wszedłem w rynek, setup3? https://prnt.sc/Fct8ZoQTmBgo",0
1012354749263265892,2022-08-25T15:36:20.866+02:00,allintraders,ALLin Pablo Gradziuk,true,XAUUSD,BUY,1,,,high,"#GOLD go baby go baby gooo 

1:1 zrobione ale czekam na odchacznie Low i jeśli nie będzie volumenu Buy to lecimy do MM.

https://prnt.sc/CPS8yUiWmNEH","#GOLD go baby go baby gooo 

1:1 zrobione ale czekam na odchacznie Low i jeśli nie będzie volumenu Buy to lecimy do MM.

https://prnt.sc/CPS8yUiWmNEH",0
1014485697845002300,2022-08-31T12:43:58.599+02:00,kiewra82,Karol Kiewra,false,NAS100,BUY,1,,,high,:NAS100: :BUY: spóźnione wejście i za mała korekta (ale reakcja na EMA21) https://prnt.sc/Uxln3hWU7Wm1,:NAS100: :BUY: spóźnione wejście i za mała korekta (ale reakcja na EMA21) https://prnt.sc/Uxln3hWU7Wm1,0
1014793444717252608,2022-09-01T09:06:51.171+02:00,kiewra82,Karol Kiewra,false,US500,BUY,,,,high,:US500: :BUY: https://prnt.sc/CclalfRv7MDQ,:US500: :BUY: https://prnt.sc/CclalfRv7MDQ,0
1014793894858342440,2022-09-01T09:08:38.493+02:00,kiewra82,Karol Kiewra,false,XAUUSD,SELL,5,,,high,:gold: :sell: https://prnt.sc/fD9NX8H-5DMC,:gold: :sell: https://prnt.sc/fD9NX8H-5DMC,0
1016340681083596820,2022-09-05T15:35:01.067+02:00,silny9867,Silny,false,NAS100,BUY,,,,high,":pac: :NAS100: :BUY:  Mamy range, jestesmy w rotacji wzrostowej, spike. Wyznaczony pullback zone. Czekam na dwie proby i sygnalowa. Juz widze, ze nie tak to mialo wygldac 😦",":pac: :NAS100: :BUY:  Mamy range, jestesmy w rotacji wzrostowej, spike. Wyznaczony pullback zone. Czekam na dwie proby i sygnalowa. Juz widze, ze nie tak to mialo wygldac 😦",1
1016439432913629235,2022-09-05T22:07:25.338+02:00,kiewra82,Karol Kiewra,false,USOIL,BUY,4,,,high,:USOIL: plan z perspektywy 4k (long pod 3 rd leg- ale na spokojnie) łopa chodzi bez kagańca 🤔 😎 https://prnt.sc/UykBAvUJ5kBp,:USOIL: plan z perspektywy 4k (long pod 3 rd leg- ale na spokojnie) łopa chodzi bez kagańca 🤔 😎 https://prnt.sc/UykBAvUJ5kBp,0
1016701304162226247,2022-09-06T15:28:00.309+02:00,kiewra82,Karol Kiewra,false,USOIL,BUY,1,,1,high,":USOIL: :BUY: https://prnt.sc/XTN3E1xTPI_z nawet jak nie będzie powrotu to target 1 jest na 61,8% korekty z całego ruchu spadkowego",":USOIL: :BUY: https://prnt.sc/XTN3E1xTPI_z nawet jak nie będzie powrotu to target 1 jest na 61,8% korekty z całego ruchu spadkowego",0
1016951834914598962,2022-09-07T08:03:31.495+02:00,kiewra82,Karol Kiewra,false,NAS100,BUY,,,,high,:NAS100: :BUY: 🤔 https://prnt.sc/LoKFF3SxSfX_,:NAS100: :BUY: 🤔 https://prnt.sc/LoKFF3SxSfX_,0
1017038736564957204,2022-09-07T13:48:50.463+02:00,silny9867,Silny,false,NAS100,SELL,0,,,high,:NAS100: :US500: :sell: :pac:,:NAS100: :US500: :sell: :pac:,1
1017058278670344253,2022-09-07T15:06:29.664+02:00,kiewra82,Karol Kiewra,false,NAS100,BUY,,,,high,:NAS100: :BUY: https://prnt.sc/ngL3Mh6tM3pu,:NAS100: :BUY: https://prnt.sc/ngL3Mh6tM3pu,0
1019168099053871144,2022-09-13T10:50:10.042+02:00,kiewra82,Karol Kiewra,false,USOIL,BUY,3,,,high,:USOIL: :BUY: plan na rozegranie 3 rd leg https://prnt.sc/Sk3gKqx_78Ke,:USOIL: :BUY: plan na rozegranie 3 rd leg https://prnt.sc/Sk3gKqx_78Ke,0
1019523056714137600,2022-09-14T10:20:38.543+02:00,kiewra82,Karol Kiewra,false,USOIL,BUY,1,,,high,:USOIL: :BUY: czaiłem się ale mi uciekli🙉 poczekam na korektę😎  https://prnt.sc/ylEs31oa9wYM,:USOIL: :BUY: czaiłem się ale mi uciekli🙉 poczekam na korektę😎  https://prnt.sc/ylEs31oa9wYM,0
1019877568377278514,2022-09-15T09:49:20.71+02:00,kiewra82,Karol Kiewra,false,NAS100,BUY,87,,,high,:NAS100: :BUY: 🙉 https://prnt.sc/87FLohBYOm6W,:NAS100: :BUY: 🙉 https://prnt.sc/87FLohBYOm6W,0
1019955510952345660,2022-09-15T14:59:03.668+02:00,kiewra82,Karol Kiewra,false,XAUUSD,BUY,37,,,high,:gold: :BUY: https://prnt.sc/_37CZmwG1wgq,:gold: :BUY: https://prnt.sc/_37CZmwG1wgq,0
1020005776527466626,2022-09-15T18:18:47.915+02:00,mariuszt_,MariuszT,false,XAUUSD,SELL,1622.1,,1622.1,high,":XAUUSD: Ustawiony sell oczekujący - bo cena miała trzy nogi w kanale wzrostowym, wyjście - czekałem na retest dolnej krawędzi, ale średnia nie pozwoliła na dojście.  Zwykle po takim wyjściu ustawiam  target na poziomie pierwszej nogi, czyli podstawy kanału, ale nie widziałem  setupu. Zatem czekałem na wybicie dolnego poziomu kanału -TP = 1622,1",":XAUUSD: Ustawiony sell oczekujący - bo cena miała trzy nogi w kanale wzrostowym, wyjście - czekałem na retest dolnej krawędzi, ale średnia nie pozwoliła na dojście.  Zwykle po takim wyjściu ustawiam  target na poziomie pierwszej nogi, czyli podstawy kanału, ale nie widziałem  setupu. Zatem czekałem na wybicie dolnego poziomu kanału -TP = 1622,1",1
1020015857759420486,2022-09-15T18:58:51.468+02:00,mariuszt_,MariuszT,false,US500,SELL,,,,high,":US500:  ustawiam sell stop pod koniec jutrzejszej sesji, jeśli świeca tygodniowa będzie tak nisko się kończyła. W zasadzie przydałoby się jeszcze jedno wyjście w górę, ale chyba już nie nastąpi, zobaczymy. Target - zaznaczyłem, jest w zasadzie pewny;-)",":US500:  ustawiam sell stop pod koniec jutrzejszej sesji, jeśli świeca tygodniowa będzie tak nisko się kończyła. W zasadzie przydałoby się jeszcze jedno wyjście w górę, ale chyba już nie nastąpi, zobaczymy. Target - zaznaczyłem, jest w zasadzie pewny;-)",1
1022076171602645003,2022-09-21T11:25:48.567+02:00,grzegorz_p,Grzegorz_P,false,XAUUSD,BUY,0,,,high,":XAUUSD: Ja mimo wszystko :BUY:  ta ostatnia rotacja taka średnia ale w mojej ocenie chyba jest, pozycja zabezpieczona tp1 zrobione 🙂 https://prnt.sc/0jMOGSZznaBH",":XAUUSD: Ja mimo wszystko :BUY:  ta ostatnia rotacja taka średnia ale w mojej ocenie chyba jest, pozycja zabezpieczona tp1 zrobione 🙂 https://prnt.sc/0jMOGSZznaBH",0
1022522899183181915,2022-09-22T17:00:56.722+02:00,kiewra82,Karol Kiewra,false,USOIL,SELL,7,,,high,:USOIL: :sell: plan na powrót (w czasie sesji- bez okazji)a jednak 😎  https://prnt.sc/imE_7CUkFnVH,:USOIL: :sell: plan na powrót (w czasie sesji- bez okazji)a jednak 😎  https://prnt.sc/imE_7CUkFnVH,0
1022523758864519260,2022-09-22T17:04:21.686+02:00,kiewra82,Karol Kiewra,false,NAS100,SELL,,,,high,:NAS100::sell:  plan pod pendolino (z sesji) https://prnt.sc/H7aHHitmvrFj,:NAS100::sell:  plan pod pendolino (z sesji) https://prnt.sc/H7aHHitmvrFj,0
1024338061334683768,2022-09-27T17:13:45.103+02:00,kiewra82,Karol Kiewra,false,USOIL,BUY,8,,,high,:USOIL: :BUY: https://prnt.sc/8_XgR64yVUlv,:USOIL: :BUY: https://prnt.sc/8_XgR64yVUlv,0
1029631767071694940,2022-10-12T07:49:02.903+02:00,kiewra82,Karol Kiewra,false,XAUUSD,BUY,83,,,high,:gold: :BUY: 😎 https://prnt.sc/zLCfEba183--,:gold: :BUY: 😎 https://prnt.sc/zLCfEba183--,0
1029706151236993055,2022-10-12T12:44:37.47+02:00,kiewra82,Karol Kiewra,false,US500,SELL,,,,high,:US500: :sell: przegapiłem ten setup😎 https://prnt.sc/Aw0bPFpqHxAb,:US500: :sell: przegapiłem ten setup😎 https://prnt.sc/Aw0bPFpqHxAb,0
1030005125588201512,2022-10-13T08:32:38.51+02:00,kiewra82,Karol Kiewra,false,XAUUSD,SELL,1,,,high,:gold: :sell: (#1) 2-Try Pullback https://prnt.sc/Xdw0H3ALEh-v,:gold: :sell: (#1) 2-Try Pullback https://prnt.sc/Xdw0H3ALEh-v,0
1034769439855497216,2022-10-26T12:04:19.548+02:00,szymonzxy,SimonxyZ,false,XAUUSD,BUY,1670,,,high,:XAUUSD:  Gold pozycja long można odpalić w okulicy 1670 trgt 1694... hmm kto co mysli na to,:XAUUSD:  Gold pozycja long można odpalić w okulicy 1670 trgt 1694... hmm kto co mysli na to,0
1034780327698255902,2022-10-26T12:47:35.412+02:00,szymonzxy,SimonxyZ,false,XAUUSD,BUY,,,,high,mozliwy set nr #2 buy na gold,mozliwy set nr #2 buy na gold,0
1035406519233163274,2022-10-28T06:15:51.108+02:00,cezaryiwanczuk,Cezary Iwańczuk,false,GBPUSD,SELL,61.8,,,high,":pac: :GBPUSD: GBPUSD https://prnt.sc/APjj3XOwzJyx Po utworzeniu się impulsu spadkowego i jego korekcie, która doszła do poziomu 61.8 Fibbo i zamknęła się nad EMA, po silnej świecy sygnałowej otworzyłem pozycję Sell. TP ustawiłem poniżej poziomu ruchu mierzonego Measured Move nad poziomem PDL, gdyż zakładałem że cena ten poziom przetestuje. SL nad świecą sygnałową , współczynnik RR 2:1. 

Niestety cena jednak zawróciła i pozycja została zamknięta na SL.",":pac: :GBPUSD: GBPUSD https://prnt.sc/APjj3XOwzJyx Po utworzeniu się impulsu spadkowego i jego korekcie, która doszła do poziomu 61.8 Fibbo i zamknęła się nad EMA, po silnej świecy sygnałowej otworzyłem pozycję Sell. TP ustawiłem poniżej poziomu ruchu mierzonego Measured Move nad poziomem PDL, gdyż zakładałem że cena ten poziom przetestuje. SL nad świecą sygnałową , współczynnik RR 2:1. 

Niestety cena jednak zawróciła i pozycja została zamknięta na SL.",0
1036362433947766944,2022-10-30T20:34:18.936+01:00,szymonzxy,SimonxyZ,false,XAUUSD,BUY,1730,,,high,"Złoto :XAUUSD: w tym tygodniu, moje predykcje na duże longi, oczywiście będę szukał idealnych wejść pod pozycje, cena w tygodniu może dojść do okolicy 1730 usd. Ropa :USOIL: to samo uważam że czeka nas byczy tydzień dla teksańskiej herbaty okolice 105 usd są w zasięgu. Indeks :US500: aktualnie bardzo byczo, choć zakres range dla 3692.5 daje do myślenia to raczej będę szukać long w okolicy 3887 - 3865. jak będzie tego nie wiem, czy  fomc i fed zwojuje mieczem jedi w srode i potnie rynek 🤷. Wiem że trzeba być elastycznym i cierpliwym rynek nam nie ucieknie, a setup-ów każdego dnia jest pełno do wychaczenia. Good luck:pac:  🚀","Złoto :XAUUSD: w tym tygodniu, moje predykcje na duże longi, oczywiście będę szukał idealnych wejść pod pozycje, cena w tygodniu może dojść do okolicy 1730 usd. Ropa :USOIL: to samo uważam że czeka nas byczy tydzień dla teksańskiej herbaty okolice 105 usd są w zasięgu. Indeks :US500: aktualnie bardzo byczo, choć zakres range dla 3692.5 daje do myślenia to raczej będę szukać long w okolicy 3887 - 3865. jak będzie tego nie wiem, czy  fomc i fed zwojuje mieczem jedi w srode i potnie rynek 🤷. Wiem że trzeba być elastycznym i cierpliwym rynek nam nie ucieknie, a setup-ów każdego dnia jest pełno do wychaczenia. Good luck:pac:  🚀",0
1036596058798694412,2022-10-31T12:02:39.441+01:00,szymonzxy,SimonxyZ,false,XAUUSD,BUY,,,,high,https://prnt.sc/2LQealGPVA_D gold long,https://prnt.sc/2LQealGPVA_D gold long,0
1039146419925307422,2022-11-07T12:56:52.917+01:00,szymonzxy,SimonxyZ,false,XAUUSD,SELL,,,,high,https://prnt.sc/-m-NcZnm1R63 gold sell,https://prnt.sc/-m-NcZnm1R63 gold sell,0
1050050135041786006,2022-12-07T15:04:21.182+01:00,silny9867,Silny,false,USOIL,BUY,1000,,,high,CL 1000 tic BUY,CL 1000 tic BUY,1
1054317616619081749,2022-12-19T09:41:48.076+01:00,kiewra82,Karol Kiewra,false,XAUUSD,BUY,82,,,high,:gold: :BUY: https://prnt.sc/_m882Uc_yRuJ,:gold: :BUY: https://prnt.sc/_m882Uc_yRuJ,0
1054328908436221962,2022-12-19T10:26:40.255+01:00,kiewra82,Karol Kiewra,false,US500,BUY,,,,high,:US500: :BUY: https://prnt.sc/jhR6IBLYcnBD,:US500: :BUY: https://prnt.sc/jhR6IBLYcnBD,0
1054677469694804012,2022-12-20T09:31:43.735+01:00,kiewra82,Karol Kiewra,false,XAUUSD,BUY,2,,,high,:gold: 2 warianty (dla mnie bardziej wersja long),:gold: 2 warianty (dla mnie bardziej wersja long),0
1054754041068011531,2022-12-20T14:35:59.773+01:00,kiewra82,Karol Kiewra,false,NAS100,BUY,8,,,high,:NAS100: :BUY: https://prnt.sc/8nIi91v8kgSJ,:NAS100: :BUY: https://prnt.sc/8nIi91v8kgSJ,0
1055826118239854612,2022-12-23T13:36:02.889+01:00,silny9867,Silny,false,ES,BUY,3,,,high,ES BUY 3rd leg move Edit: TP1 😄,ES BUY 3rd leg move Edit: TP1 😄,1
1060168371242545294,2023-01-04T13:10:36.68+01:00,gc777713,P7777,false,US500,BUY,2,,2,high,:US500: :BUY: TP1 TP 2 ZREALIZOWANE RSZTA NA BE,:US500: :BUY: TP1 TP 2 ZREALIZOWANE RSZTA NA BE,2
1060488258036965426,2023-01-05T10:21:43.635+01:00,gc777713,P7777,false,XAUUSD,BUY,2,,2,high,:XAUUSD: :BUY: :zysk: TP1 + TP 2 RESZTA NA BE,:XAUUSD: :BUY: :zysk: TP1 + TP 2 RESZTA NA BE,2
1060589076346044467,2023-01-05T17:02:20.593+01:00,silny9867,Silny,false,US500,SELL,,,,high,US500 SELL Measured move,US500 SELL Measured move,1
1065235963632164884,2023-01-18T12:47:24.857+01:00,grzegorz_p,Grzegorz_P,false,USOIL,SELL,1,,,high,:sell: :USOIL: Czekam na mikro rotacje 🙂 https://prnt.sc/1GVWckDWtoS7,:sell: :USOIL: Czekam na mikro rotacje 🙂 https://prnt.sc/1GVWckDWtoS7,0
1067008548237750282,2023-01-23T10:11:01.96+01:00,kiewra82,Karol Kiewra,false,XAUUSD,SELL,3,,,high,:gold: jednak sell do mnie bardziej przemawia https://prnt.sc/PR-jjx53SK7z,:gold: jednak sell do mnie bardziej przemawia https://prnt.sc/PR-jjx53SK7z,0
1067024048502095912,2023-01-23T11:12:37.511+01:00,pawelkrynicki,ALLin Paweł Krynicki,true,XAUUSD,BUY,0,,,high,:gold:  jak nie sell to buy 🙂 🙂 https://prnt.sc/yzCV0VQcs00J,:gold:  jak nie sell to buy 🙂 🙂 https://prnt.sc/yzCV0VQcs00J,0
1067173753836032050,2023-01-23T21:07:30.044+01:00,szymonzxy,SimonxyZ,false,GC,SELL,,,,high,https://prnt.sc/RQEWHjdc-S5O sell 2 ctr gc wjechało end sesion,https://prnt.sc/RQEWHjdc-S5O sell 2 ctr gc wjechało end sesion,0
1068092819413159958,2023-01-26T09:59:32.353+01:00,kiewra82,Karol Kiewra,false,XAUUSD,SELL,2,,,high,:XAUUSD: :sell: 2 próba https://prnt.sc/Ib-gPG8iaEuI,:XAUUSD: :sell: 2 próba https://prnt.sc/Ib-gPG8iaEuI,0
1068146381543448686,2023-01-26T13:32:22.56+01:00,klaudiusz6085,Klaudiusz,false,USOIL,BUY,8,,,high,:USOIL: :BUY: https://prnt.sc/8loittyjnRKB 😝,:USOIL: :BUY: https://prnt.sc/8loittyjnRKB 😝,0
1068415339601330176,2023-01-27T07:21:07.158+01:00,damiangolebiewski,Damian Gołębiewski,false,XAUUSD,SELL,6,,,high,":gold:  Plan na :sell: 
https://prnt.sc/ioawR56_c8pD",":gold:  Plan na :sell: 
https://prnt.sc/ioawR56_c8pD",0
1069612508920430704,2023-01-30T14:38:14.566+01:00,kiewra82,Karol Kiewra,false,XAUUSD,BUY,75,,,high,:gold: :BUY: tp2 na poziomie pendolino (tp1) zrobione https://prnt.sc/p5sdlX_75d0g,:gold: :BUY: tp2 na poziomie pendolino (tp1) zrobione https://prnt.sc/p5sdlX_75d0g,0
1069885081763725332,2023-01-31T08:41:20.996+01:00,kiewra82,Karol Kiewra,false,XAUUSD,SELL,5,,,high,:XAUUSD: :sell: https://prnt.sc/a4AmUlf5q95X,:XAUUSD: :sell: https://prnt.sc/a4AmUlf5q95X,0
1070780602577588224,2023-02-02T19:59:49.796+01:00,klaudiusz6085,Klaudiusz,false,US500,BUY,,,,high,:US500: :BUY: https://prnt.sc/OTxLG6LuzFXK,:US500: :BUY: https://prnt.sc/OTxLG6LuzFXK,0
1072495241099227216,2023-02-07T13:33:11.476+01:00,kiewra82,Karol Kiewra,false,XAUUSD,BUY,3,,,high,:XAUUSD: :BUY: https://prnt.sc/xvxEpNuXsH63,:XAUUSD: :BUY: https://prnt.sc/xvxEpNuXsH63,0
1075713412396503061,2023-02-16T10:41:03.304+01:00,grzegorz_p,Grzegorz_P,false,GC,SELL,8,,,high,"GC:sell:  TP1, range rozliczony teraz runner edit: BEhttps://prnt.sc/k_qGA3z08C5V","GC:sell:  TP1, range rozliczony teraz runner edit: BEhttps://prnt.sc/k_qGA3z08C5V",0
1075762249995661333,2023-02-16T13:55:07.095+01:00,voyt1981,Voyt1981,false,GBPUSD,SELL,5,,,high,GBPUSD :sell:  https://prnt.sc/5eBXEgTIJldv,GBPUSD :sell:  https://prnt.sc/5eBXEgTIJldv,0
1077274471603388578,2023-02-20T18:04:08.822+01:00,damianwieczorek,Damian Wieczorek,false,USOIL,BUY,618,,,high,:USOIL: :BUY: 618 Tick,:USOIL: :BUY: 618 Tick,1
1078369223199441028,2023-02-23T18:34:17.942+01:00,damianwieczorek,Damian Wieczorek,false,USOIL,BUY,4,,,high,CL 04-23 :BUY:,CL 04-23 :BUY:,1
1078418948187500585,2023-02-23T21:51:53.303+01:00,tomaszkaczmarski,T.K.,false,GBPUSD,BUY,3,,,high,:GBPUSD:  Buy po odklepaniu MM i korekcie zagranie na 3 leg,:GBPUSD:  Buy po odklepaniu MM i korekcie zagranie na 3 leg,1
1078737981013250128,2023-02-24T18:59:36.656+01:00,damianwieczorek,Damian Wieczorek,false,US500,SELL,1,,,high,":US500: :sell:  1 TP reszta przestawiona na be
                2 TP zrobiony
                3 Be",":US500: :sell:  1 TP reszta przestawiona na be
                2 TP zrobiony
                3 Be",0
1082960961046073404,2023-03-08T10:40:13.555+01:00,dariuszpason,Guummaa,false,XAUUSD,BUY,21,,,high,":XAUUSD:  :BUY:   https://prnt.sc/xowqVFY5u5eT od rana   trend wzrostowy, odbicie od strefy PZ po dwóch próbach sprzedających, wejście po idealnej świecy sygnałowej zamkniętej ponad EMA 21. RR 2:1 na realizację ruchu MM. Obawy:  brak micro rotacji spadkowej , dlatego zagranie na 0,5%.",":XAUUSD:  :BUY:   https://prnt.sc/xowqVFY5u5eT od rana   trend wzrostowy, odbicie od strefy PZ po dwóch próbach sprzedających, wejście po idealnej świecy sygnałowej zamkniętej ponad EMA 21. RR 2:1 na realizację ruchu MM. Obawy:  brak micro rotacji spadkowej , dlatego zagranie na 0,5%.",0
1087658566929887323,2023-03-21T09:46:50.075+01:00,kiewra82,Karol Kiewra,false,XAUUSD,SELL,5,,,high,:XAUUSD: :sell: https://prnt.sc/5t7ZiUUTomgT,:XAUUSD: :sell: https://prnt.sc/5t7ZiUUTomgT,0
1090958042071310357,2023-03-30T13:17:46.25+02:00,klaudiusz6085,Klaudiusz,false,GC,BUY,,,,high,https://prnt.sc/6jus9TZnlLU7 GC Buy również 😀,https://prnt.sc/6jus9TZnlLU7 GC Buy również 😀,0
1092391075907379320,2023-04-03T12:12:08.141+02:00,szymonzxy,SimonxyZ,false,USOIL,BUY,,,,high,https://prnt.sc/0yq79SwR3bGY ja gram long dla CL,https://prnt.sc/0yq79SwR3bGY ja gram long dla CL,0
1092805895198613524,2023-04-04T15:40:28.767+02:00,silny9867,Silny,false,USOIL,BUY,3,,,high,Buy CL 3r leg,Buy CL 3r leg,1
1093600066226360330,2023-04-06T20:16:13.895+02:00,szymonzxy,SimonxyZ,false,YM,BUY,2,,,high,#📕・pac  https://prnt.sc/NIOnBy9Slqn2 YM Futures Long 2 try PB - Ale tu wieje nudą na tym folderze. @Karol Kiewra Gdzie żeś jezd he bo chyba też stąd zawinę 🥲,#📕・pac  https://prnt.sc/NIOnBy9Slqn2 YM Futures Long 2 try PB - Ale tu wieje nudą na tym folderze. @Karol Kiewra Gdzie żeś jezd he bo chyba też stąd zawinę 🥲,0
1098935334282211460,2023-04-21T13:36:40.924+02:00,klaudiusz6085,Klaudiusz,false,GC,SELL,,,,high,https://prnt.sc/U01z3MDZGZPL GC Sell próbuję 🤷‍♂️ EDIT: zamknąłem trochę przed TP1 na :zysk: bo coś tu zaczynają tworzyć ;/,https://prnt.sc/U01z3MDZGZPL GC Sell próbuję 🤷‍♂️ EDIT: zamknąłem trochę przed TP1 na :zysk: bo coś tu zaczynają tworzyć ;/,0
1110509620843261952,2023-05-23T12:08:45.88+02:00,grzegorz_p,Grzegorz_P,false,USOIL,SELL,1,,,high,USOIL Sell https://prnt.sc/a1SY_1p21uyf EDIT: Stop Loss 🙂,USOIL Sell https://prnt.sc/a1SY_1p21uyf EDIT: Stop Loss 🙂,0
1110941806654398615,2023-05-24T16:46:07.007+02:00,kiewra82,Karol Kiewra,false,USOIL,SELL,3,,,high,:USOIL: :sell: https://prnt.sc/3qd0ioK-z-sg,:USOIL: :sell: https://prnt.sc/3qd0ioK-z-sg,0
1121765438821503007,2023-06-23T13:35:22.009+02:00,darassb2b,PRekisoriuS,false,XAUUSD,SELL,1968,,,high,":XAUUSD: :pac: :sell: plan sellowy po zebraniu płynności, czekamy na dopełnienie korekty z 1968/1913https://prnt.sc/2Afe9SSwH4DT",":XAUUSD: :pac: :sell: plan sellowy po zebraniu płynności, czekamy na dopełnienie korekty z 1968/1913https://prnt.sc/2Afe9SSwH4DT",0
1121804388877484042,2023-06-23T16:10:08.426+02:00,darassb2b,PRekisoriuS,false,XAUUSD,SELL,13,,,high,":XAUUSD: :pac: zagranie :sell: opis zaznaczenie płynności i wyszukanie jak najwięcej punktów stycznych, z interwału H1 wyznaczyłem NLO. Równolegle linie z H1 przeniosłem na H4, wybicie kanału z H1/H4 oczekuję iż cena nie przebije najwyższego punktu cenowego (PO) dużej świecy spadkowej z (13:00) dlatego SL umieściłem powyżej największego zakresu cenowego. Z narzędzia Fibbo wyznaczyłem strefę pullback o zakresie 50/61,8 z uwagi na dużą świece wzrostową, mój Full TP zaznaczyłem w najniższym punkcie cenowym korpusu, natomiast apetyt jest większy, kierowałem się targetem z dnia poprzedniego jak i zarówno statystyka z Allin Panel. Zastrzeżenia co do setupu, jeżeli cena się odbije od krawędzi kanału z H4 setup zamknę ze stratą w zasięgu 61.8 lub BE. Prowadzenie pozycji, po ruchu 1:1 Sl przeniosę na BE i kolejno ranerem będę zwiększał wypracowany profit trzymajcie kciuki 🤘 https://prnt.sc/OW0IEXzz7cGl",":XAUUSD: :pac: zagranie :sell: opis zaznaczenie płynności i wyszukanie jak najwięcej punktów stycznych, z interwału H1 wyznaczyłem NLO. Równolegle linie z H1 przeniosłem na H4, wybicie kanału z H1/H4 oczekuję iż cena nie przebije najwyższego punktu cenowego (PO) dużej świecy spadkowej z (13:00) dlatego SL umieściłem powyżej największego zakresu cenowego. Z narzędzia Fibbo wyznaczyłem strefę pullback o zakresie 50/61,8 z uwagi na dużą świece wzrostową, mój Full TP zaznaczyłem w najniższym punkcie cenowym korpusu, natomiast apetyt jest większy, kierowałem się targetem z dnia poprzedniego jak i zarówno statystyka z Allin Panel. Zastrzeżenia co do setupu, jeżeli cena się odbije od krawędzi kanału z H4 setup zamknę ze stratą w zasięgu 61.8 lub BE. Prowadzenie pozycji, po ruchu 1:1 Sl przeniosę na BE i kolejno ranerem będę zwiększał wypracowany profit trzymajcie kciuki 🤘 https://prnt.sc/OW0IEXzz7cGl",0
1121806679139434576,2023-06-23T16:19:14.467+02:00,darassb2b,PRekisoriuS,false,XAUUSD,SELL,1,,,high,:XAUUSD: :sell: prowadzenie ruch 1:1 SL na BE https://prnt.sc/at5FntGlISZN,:XAUUSD: :sell: prowadzenie ruch 1:1 SL na BE https://prnt.sc/at5FntGlISZN,0
1122940490749333586,2023-06-26T19:24:36.22+02:00,pitro5254,Pitro,false,EURUSD,SELL,1,,,high,"Koncept dzisiejszy na EURUSD - PAC:  Wyznaczenie range i extensions.
Wyznaczenie Pendulum. 
https://prnt.sc/ZAjzvs_DfgV6  
Doszli do zakresu na Sell, nie osiągnęli Pendulum, przekroczyli EMA21, początek potencjalnej mikrorotacji spadkowej, 
Zagranie na 1% ryzyka na 3+/1: https://prnt.sc/-jBE-sebXSN0","Koncept dzisiejszy na EURUSD - PAC:  Wyznaczenie range i extensions.
Wyznaczenie Pendulum. 
https://prnt.sc/ZAjzvs_DfgV6  
Doszli do zakresu na Sell, nie osiągnęli Pendulum, przekroczyli EMA21, początek potencjalnej mikrorotacji spadkowej, 
Zagranie na 1% ryzyka na 3+/1: https://prnt.sc/-jBE-sebXSN0",0
1124407424363798740,2023-06-30T20:33:40.448+02:00,darassb2b,PRekisoriuS,false,XAUUSD,SELL,1921,,,high,":XAUUSD: @ALLin Michał Ciechan zamierzony plan na dojscie 1921.. zrealizowany ustawiony na sell limit, koniec tygodnia jak zawsze mnie nie zawiódł  💪",":XAUUSD: @ALLin Michał Ciechan zamierzony plan na dojscie 1921.. zrealizowany ustawiony na sell limit, koniec tygodnia jak zawsze mnie nie zawiódł  💪",1
1128589521265643640,2023-07-12T09:31:50.049+02:00,kiewra82,Karol Kiewra,false,XAUUSD,BUY,6,,,high,:XAUUSD: :BUY: ????? https://prnt.sc/wO56mdM5P_wa,:XAUUSD: :BUY: ????? https://prnt.sc/wO56mdM5P_wa,0
1130441364233003098,2023-07-17T12:10:23.818+02:00,pitro5254,Pitro,false,USOIL,BUY,4,,,high,"USOil - PAC - Wyznaczyłem Range, chociaż jest może dyskusyjne czy to faktycznie Range. : https://prnt.sc/4LewuwsGs9lC
 Za tym że ma realną wartość przemawia:
    ○ Widać poziomy wsparć i oporu, cena reagowała. https://prnt.sc/z0kGiQQpRHUg
    ○ Cena po dojściu do poziomu Buy Zone zawracała
 Był bardzo ciekawy setup. Trzeba było długo czekać na mikrorotację wzrostową, gdy się pojawiła był moment do zagrania po przebiciu przez cenę EMA 21  
    • Przy prowadzeniu zagrania po świecach można było uzyskać TP na poziomie 4.5 : 1, https://prnt.sc/q6CFIcdCLtYc
    • Jeżeli gralibyśmy do pierwszej świecy spadkowej (dynamika rynku była ogromna) to RR było 6+:1  - w 5 minut
**WAŻNE ** - nie było wcześniejszych fałszywych sygnałów typu początek mikrorotacji, korekta, przebicie EMA21","USOil - PAC - Wyznaczyłem Range, chociaż jest może dyskusyjne czy to faktycznie Range. : https://prnt.sc/4LewuwsGs9lC
 Za tym że ma realną wartość przemawia:
    ○ Widać poziomy wsparć i oporu, cena reagowała. https://prnt.sc/z0kGiQQpRHUg
    ○ Cena po dojściu do poziomu Buy Zone zawracała
 Był bardzo ciekawy setup. Trzeba było długo czekać na mikrorotację wzrostową, gdy się pojawiła był moment do zagrania po przebiciu przez cenę EMA 21  
    • Przy prowadzeniu zagrania po świecach można było uzyskać TP na poziomie 4.5 : 1, https://prnt.sc/q6CFIcdCLtYc
    • Jeżeli gralibyśmy do pierwszej świecy spadkowej (dynamika rynku była ogromna) to RR było 6+:1  - w 5 minut
**WAŻNE ** - nie było wcześniejszych fałszywych sygnałów typu początek mikrorotacji, korekta, przebicie EMA21",0
1133337974453567539,2023-07-25T12:00:29.511+02:00,kiewra82,Karol Kiewra,false,USOIL,BUY,9,,,high,:USOIL: :BUY: ??? https://prnt.sc/9nXS85NGkrgk,:USOIL: :BUY: ??? https://prnt.sc/9nXS85NGkrgk,0
1134373856174411896,2023-07-28T08:36:42.959+02:00,grzegorz_p,Grzegorz_P,false,XAUUSD,SELL,3,,1,high,":XAUUSD:  Mimo, że pora wczesna, przed otwarciem Europy, short na złocie. W mojej ocenie cena zrealizowała 3 nogi wzrostowe, dodatkowo zareagowali na PZ z wczorajszego Spike. Mikro rotacja spadkowa, przebicie LNO i wejście 😉 TP1 1:1, TP2 measured move, full TP pendulum względem otwarcia. https://prnt.sc/ZwKvDcn1DCb2",":XAUUSD:  Mimo, że pora wczesna, przed otwarciem Europy, short na złocie. W mojej ocenie cena zrealizowała 3 nogi wzrostowe, dodatkowo zareagowali na PZ z wczorajszego Spike. Mikro rotacja spadkowa, przebicie LNO i wejście 😉 TP1 1:1, TP2 measured move, full TP pendulum względem otwarcia. https://prnt.sc/ZwKvDcn1DCb2",0
1134490931807146124,2023-07-28T16:21:55.965+02:00,pitro5254,Pitro,false,USOIL,BUY,30,,1,high,"**USOil - PAC**

 Piątek ale to nie był nudny dzień - Wyznaczone Range i ekspansje: https://prnt.sc/JFsT6gvY_c__ , widać przyzwoite reakcje na ekspansjach
    • **Zagranie SHORT** na powrót do Range z planem na Pendulum : https://prnt.sc/Esu3C9Dn9HbN
    • Dodatkowy plan był taki, żeby nie ograniczać się do Pendulum tylko do zasięgu dziennego ATR (fioletowa przerywana) - to zasięg dzienny minimalny, jaki Ropa robiła na ostatnich 30 sesjach (7 przypadków na 30 sesji - nie bywało mniej).
    • Wejście : po mikrorotacji spadkowej na 2giej górnej ekspansji, następnie mikrorotacja wzrostowa nie wybija high (na Range'owym), następnie świeca spadkowa zdecydowanie przebiła EMA21.
    • TP poprowadzony na 5:1 . Risk 1.5% na transakcję. **Zrealizowany**

2-gie zagranie - po zamknięciu pierwszego: 
    • Gdy cena zrobiła mikrorotację wzrostową, potem spadkową (na Range'owym)  i świecą wzrostową przebiła EMA21, Zagranie LONG do Range'a : https://prnt.sc/gv2udOgsIEbv
    • Ryzyko 1%, po dojściu do Range zacząłem prowadzić pozycję po świecach - finalnie TP 1:1
    • **Razem ZYSK 8.5% na dwóch transakcjach przy ryzyku 1.5% + 1%  ( prawie 1800 USD). **

**WNIOSKI: **
1. Szczególnie na 2giej transakcji widać, że EMA21 na M1 nie nadążała a na wykresie Range'owym (40, ale też Tickowym) radziła sobie bardzo dobrze. WAŻNA obserwacja na dynamiczne rynki.
2. Ropa lubi wystawiać ładne sygnały na PAC między 16:00 i 18:00 ICM.
3. Można było prowadzić drugą transakcję po EMA21 na Rangeowym lub Tickowym. Ruch do wzięcia był 3x większy.
Generalnie dzień był dzisiaj od rana trudny ale fajnie że tak ładnie kończy się tydzień 💪 🙂 👍","**USOil - PAC**

 Piątek ale to nie był nudny dzień - Wyznaczone Range i ekspansje: https://prnt.sc/JFsT6gvY_c__ , widać przyzwoite reakcje na ekspansjach
    • **Zagranie SHORT** na powrót do Range z planem na Pendulum : https://prnt.sc/Esu3C9Dn9HbN
    • Dodatkowy plan był taki, żeby nie ograniczać się do Pendulum tylko do zasięgu dziennego ATR (fioletowa przerywana) - to zasięg dzienny minimalny, jaki Ropa robiła na ostatnich 30 sesjach (7 przypadków na 30 sesji - nie bywało mniej).
    • Wejście : po mikrorotacji spadkowej na 2giej górnej ekspansji, następnie mikrorotacja wzrostowa nie wybija high (na Range'owym), następnie świeca spadkowa zdecydowanie przebiła EMA21.
    • TP poprowadzony na 5:1 . Risk 1.5% na transakcję. **Zrealizowany**

2-gie zagranie - po zamknięciu pierwszego: 
    • Gdy cena zrobiła mikrorotację wzrostową, potem spadkową (na Range'owym)  i świecą wzrostową przebiła EMA21, Zagranie LONG do Range'a : https://prnt.sc/gv2udOgsIEbv
    • Ryzyko 1%, po dojściu do Range zacząłem prowadzić pozycję po świecach - finalnie TP 1:1
    • **Razem ZYSK 8.5% na dwóch transakcjach przy ryzyku 1.5% + 1%  ( prawie 1800 USD). **

**WNIOSKI: **
1. Szczególnie na 2giej transakcji widać, że EMA21 na M1 nie nadążała a na wykresie Range'owym (40, ale też Tickowym) radziła sobie bardzo dobrze. WAŻNA obserwacja na dynamiczne rynki.
2. Ropa lubi wystawiać ładne sygnały na PAC między 16:00 i 18:00 ICM.
3. Można było prowadzić drugą transakcję po EMA21 na Rangeowym lub Tickowym. Ruch do wzięcia był 3x większy.
Generalnie dzień był dzisiaj od rana trudny ale fajnie że tak ładnie kończy się tydzień 💪 🙂 👍",0
1135915727472304249,2023-08-01T14:43:33.723+02:00,grzegorz_p,Grzegorz_P,false,US500,SELL,2,,,high,:US500: :sell:  Target na czerownym wolumenie https://prnt.sc/2bKoX5L0LudE,:US500: :sell:  Target na czerownym wolumenie https://prnt.sc/2bKoX5L0LudE,0
1136928913134714961,2023-08-04T09:49:36.009+02:00,grzegorz_p,Grzegorz_P,false,US500,BUY,9,,,high,:US500: :BUY: https://prnt.sc/ePYjv9OBtI29,:US500: :BUY: https://prnt.sc/ePYjv9OBtI29,0
1138905753143492628,2023-08-09T20:44:51.395+02:00,pitro5254,Pitro,false,USOIL,BUY,3,,,high,"Generalnie na USOil  warto umieć się przestawiać w drugą stronę. Obserwuję to już kolejny raz. Dzisiaj po nieudanym wykonianiu 3rd Leg MM, można było poszukać zagrania na BUY. Cena wykonała Spike'a (mikrorotacja wzrostowa), następnie bardzo ładna mikrorotacja spadkowa, zejście pod EMA21, następnie wyjście nad EMA21. Można było wejść z RR: 2:1 - co dawało też zasięg Measured Move. Ruch można było też prowadzić po świecach. Mega Okazja ... https://prnt.sc/Nx59m4dR8Kcb","Generalnie na USOil  warto umieć się przestawiać w drugą stronę. Obserwuję to już kolejny raz. Dzisiaj po nieudanym wykonianiu 3rd Leg MM, można było poszukać zagrania na BUY. Cena wykonała Spike'a (mikrorotacja wzrostowa), następnie bardzo ładna mikrorotacja spadkowa, zejście pod EMA21, następnie wyjście nad EMA21. Można było wejść z RR: 2:1 - co dawało też zasięg Measured Move. Ruch można było też prowadzić po świecach. Mega Okazja ... https://prnt.sc/Nx59m4dR8Kcb",0
1141074170776666183,2023-08-15T20:21:22.446+02:00,mateomateo2145,Mateo Mateo,false,USDCAD,BUY,3,,,high,:USDCAD: :BUY:  Zagranie na 3 leg. Jedna pozycja jest już na BE. Ciekawe czy zrealizują MM . https://prnt.sc/gJFBiS-VdfDQ https://prnt.sc/R0N6-4pq-ILj  TP:zysk:,:USDCAD: :BUY:  Zagranie na 3 leg. Jedna pozycja jest już na BE. Ciekawe czy zrealizują MM . https://prnt.sc/gJFBiS-VdfDQ https://prnt.sc/R0N6-4pq-ILj  TP:zysk:,0
1141305600022675538,2023-08-16T11:40:59.478+02:00,dawidmaksymiuk,Dawid Maksymiuk,false,USDCAD,BUY,2,,,high,:USDCAD: :BUY: https://prnt.sc/kx0yY32iJaFU,:USDCAD: :BUY: https://prnt.sc/kx0yY32iJaFU,0
1143145356062900294,2023-08-21T13:31:31.499+02:00,kiewra82,Karol Kiewra,false,USOIL,BUY,9,,,high,:USOIL: :BUY: https://prnt.sc/ohEwVTSkQv59,:USOIL: :BUY: https://prnt.sc/ohEwVTSkQv59,0
1144280854143717498,2023-08-24T16:43:35.338+02:00,kiewra82,Karol Kiewra,false,USOIL,BUY,0,,,high,:USOIL: :BUY: https://prnt.sc/TE40IZq93Fs5,:USOIL: :BUY: https://prnt.sc/TE40IZq93Fs5,0
1144281338384494652,2023-08-24T16:45:30.79+02:00,dawidmaksymiuk,Dawid Maksymiuk,false,USDCAD,SELL,4,,,high,:USDCAD: :sell: https://prnt.sc/DtF_4ntDJsPz,:USDCAD: :sell: https://prnt.sc/DtF_4ntDJsPz,0
1149008226831044628,2023-09-06T17:48:28.817+02:00,dawidmaksymiuk,Dawid Maksymiuk,false,EURUSD,BUY,,,,high,https://prnt.sc/48fP7RMep2wN :EURUSD: :BUY:,https://prnt.sc/48fP7RMep2wN :EURUSD: :BUY:,0
1149635015458693120,2023-09-08T11:19:06.871+02:00,grzegorz_p,Grzegorz_P,false,XAUUSD,BUY,6,,,high,XAUUSD :BUY:  https://prnt.sc/6nz3-R5HfpOG,XAUUSD :BUY:  https://prnt.sc/6nz3-R5HfpOG,0
1150717062440820776,2023-09-11T10:58:46.975+02:00,kiewra82,Karol Kiewra,false,XAUUSD,BUY,6,,,high,:XAUUSD: :BUY: https://prnt.sc/6B_Hq7PZhdPr,:XAUUSD: :BUY: https://prnt.sc/6B_Hq7PZhdPr,0
1154013716858277928,2023-09-20T13:18:30.637+02:00,pitro5254,Pitro,false,USOIL,BUY,50,1,,high,"USOil

Od rana mamy Trend Day. Trochę statystyki - doszliśmy do zasięgu Daily na którym cena zatrzymała w na ostatnich 50 sesjach 10 razy a poniżej tego zakresu była łącznie 38 razy. Jest więc prawdopodobieństwo zawrócenia 76% : https://prnt.sc/do44JlbhQSsa
Obserwuję zachowanie ceny na M1 i mikrorotacje. Cena zrobiła MM powrotny. Było ładne wejście na BUY po mikrorotacji spadkowej ale go nie wykorzystałem.
Czekam na cofnięcie do poziomów 38.2 - 50 - 61.8. https://prnt.sc/5uBMjPT7HlFj
Zagranie po mikrorotacji spadkowej i wybiciu M1.EMA21. Trochę spóźnione: https://prnt.sc/4FUpqZeUDkZ7
SL 1% poniżej ostatniego Minimum. Target - Day Open efektywnie RR 4+:1

Wyrzucili mnie na SL. Należało ponowić zagranie przykolejnej mikrorotacji spadkowej przebijającej EMA21, wrócili do Day Open. Mnie nie było niestety przy kompie.USOil

Od rana mamy Trend Day. Trochę statystyki - doszliśmy do zasięgu Daily na którym cena zatrzymała w na ostatnich 50 sesjach 10 razy a poniżej tego zakresu była łącznie 38 razy. Jest więc prawdopodobieństwo zawrócenia 76% : https://prnt.sc/do44JlbhQSsa
Obserwuję zachowanie ceny na M1 i mikrorotacje. Cena zrobiła MM powrotny. Było ładne wejście na BUY po mikrorotacji spadkowej ale go nie wykorzystałem.
Czekam na cofnięcie do poziomów 38.2 - 50 - 61.8. https://prnt.sc/5uBMjPT7HlFj
Zagranie po mikrorotacji spadkowej i wybiciu M1.EMA21. Trochę spóźnione: https://prnt.sc/4FUpqZeUDkZ7
SL 1% poniżej ostatniego Minimum. Target - Day Open efektywnie RR 4+:1

Wyrzucili mnie na SL. Należało ponowić zagranie przy kolejnej mikrorotacji wzrostowej po spadkowej i przebijającej EMA21, wrócili do Day Open. Mnie nie było niestety przy kompie.","USOil

Od rana mamy Trend Day. Trochę statystyki - doszliśmy do zasięgu Daily na którym cena zatrzymała w na ostatnich 50 sesjach 10 razy a poniżej tego zakresu była łącznie 38 razy. Jest więc prawdopodobieństwo zawrócenia 76% : https://prnt.sc/do44JlbhQSsa
Obserwuję zachowanie ceny na M1 i mikrorotacje. Cena zrobiła MM powrotny. Było ładne wejście na BUY po mikrorotacji spadkowej ale go nie wykorzystałem.
Czekam na cofnięcie do poziomów 38.2 - 50 - 61.8. https://prnt.sc/5uBMjPT7HlFj
Zagranie po mikrorotacji spadkowej i wybiciu M1.EMA21. Trochę spóźnione: https://prnt.sc/4FUpqZeUDkZ7
SL 1% poniżej ostatniego Minimum. Target - Day Open efektywnie RR 4+:1

Wyrzucili mnie na SL. Należało ponowić zagranie przykolejnej mikrorotacji spadkowej przebijającej EMA21, wrócili do Day Open. Mnie nie było niestety przy kompie.USOil

Od rana mamy Trend Day. Trochę statystyki - doszliśmy do zasięgu Daily na którym cena zatrzymała w na ostatnich 50 sesjach 10 razy a poniżej tego zakresu była łącznie 38 razy. Jest więc prawdopodobieństwo zawrócenia 76% : https://prnt.sc/do44JlbhQSsa
Obserwuję zachowanie ceny na M1 i mikrorotacje. Cena zrobiła MM powrotny. Było ładne wejście na BUY po mikrorotacji spadkowej ale go nie wykorzystałem.
Czekam na cofnięcie do poziomów 38.2 - 50 - 61.8. https://prnt.sc/5uBMjPT7HlFj
Zagranie po mikrorotacji spadkowej i wybiciu M1.EMA21. Trochę spóźnione: https://prnt.sc/4FUpqZeUDkZ7
SL 1% poniżej ostatniego Minimum. Target - Day Open efektywnie RR 4+:1

Wyrzucili mnie na SL. Należało ponowić zagranie przy kolejnej mikrorotacji wzrostowej po spadkowej i przebijającej EMA21, wrócili do Day Open. Mnie nie było niestety przy kompie.",0
1154430937996722196,2023-09-21T16:56:23.908+02:00,pitro5254,Pitro,false,USOIL,SELL,15,,,high,"USOil - PAC

Od przedpołudnia rozwinął się Trend. Po 15:30 cena zeszła poniżej M1.EMA21. Sprawdziłem dzisiejszy szczyt. Na 50 sesji cena była na takim wychyleniu lub niżej 45 razy. Szansa na ruch powrotny - 90% : https://prnt.sc/ArKD1yWh8wow
Obserwuję mikrorotacje, cena jest między 16:00 - 18:00: https://prnt.sc/d_WjtgljPz65
Zlecenie SELL, Risk 2% po przebiciu M1.EMA21 świecą sygnałową, następnie cena odjechała dokończyła mikrorotację wzrostową, zawróciła i ponownie przebiła od góry M1.EMA21, otworzyłem kolejne zlecenie SELL Risk 2% po kolejnej świecy sygnałowej: https://prnt.sc/rLROZFPbzFVf
SL nad Daily High, TP przed Day Open. 

16:50 cena potwierdziła Break Structure, więc przestawiłem SL nad początkiem Swingu","USOil - PAC

Od przedpołudnia rozwinął się Trend. Po 15:30 cena zeszła poniżej M1.EMA21. Sprawdziłem dzisiejszy szczyt. Na 50 sesji cena była na takim wychyleniu lub niżej 45 razy. Szansa na ruch powrotny - 90% : https://prnt.sc/ArKD1yWh8wow
Obserwuję mikrorotacje, cena jest między 16:00 - 18:00: https://prnt.sc/d_WjtgljPz65
Zlecenie SELL, Risk 2% po przebiciu M1.EMA21 świecą sygnałową, następnie cena odjechała dokończyła mikrorotację wzrostową, zawróciła i ponownie przebiła od góry M1.EMA21, otworzyłem kolejne zlecenie SELL Risk 2% po kolejnej świecy sygnałowej: https://prnt.sc/rLROZFPbzFVf
SL nad Daily High, TP przed Day Open. 

16:50 cena potwierdziła Break Structure, więc przestawiłem SL nad początkiem Swingu",0
1158436753137467515,2023-10-02T18:14:04.662+02:00,dawidmaksymiuk,Dawid Maksymiuk,false,USOIL,BUY,9,,,high,:pac: :BUY: :USOIL: https://prnt.sc/C-Ejwzw99ELB,:pac: :BUY: :USOIL: https://prnt.sc/C-Ejwzw99ELB,0
1159192035018936320,2023-10-04T20:15:17.895+02:00,michalgroch,Michał Groch,false,USDCAD,SELL,2,,,high,":USDCAD: po porannym rendżu cena poleciała mocno do góry. po otworzenie się sterfy strefy resistance zaznaczyłem mikrorotocję spadkową, korekta do PZ i cyk zlecenie :sell: RR 2:1, full TP https://prnt.sc/ZY-8N02C9Gr9",":USDCAD: po porannym rendżu cena poleciała mocno do góry. po otworzenie się sterfy strefy resistance zaznaczyłem mikrorotocję spadkową, korekta do PZ i cyk zlecenie :sell: RR 2:1, full TP https://prnt.sc/ZY-8N02C9Gr9",0
1159494339781722112,2023-10-05T16:16:32.967+02:00,darassb2b,PRekisoriuS,false,XAUUSD,SELL,0,,,high,:XAUUSD: sell: po sesyjny liść🦌  https://prnt.sc/-N8f10NJrFtx,:XAUUSD: sell: po sesyjny liść🦌  https://prnt.sc/-N8f10NJrFtx,0
1161642995175673876,2023-10-11T14:34:32.333+02:00,darassb2b,PRekisoriuS,false,XAUUSD,BUY,61.8,,,high,"@everyone 🤬 index $$$ dziś miałem taką sytuację a mianowicie obserwowałem co robi $ piękna NLO i 2 próby retestu druga nie dojechała do końca, ale dość blisko. Złapany jak młody dzieciak. Plan na :XAUUSD:  jako lustrzane odbicie i wszedłem w pozycję sell 😭 nie powiem ze dzień stracony trzymam się planu, a to ze rozjechało mnie jak żabę to tylko sprowadza mnie do reflexi nad większą pracą nad sobą. Dlaczego trzymam się planu po fuckapowej sytuacji z braku SL no bo przecież index poleci w kosmos 🤦‍♂️ (debil) widzę światełko w tunelu w oczekiwaniu korekty do 61.8 z całego impulsu spadkowego i to jakby chroni moje monitory przed wy..... ich przez okno nie nie to tak tylko do wybrzmienia słowa. Płęta  nie popełnia błędów ten który nic nie robi 💪 https://prnt.sc/05PX7OnkbZZt https://prnt.sc/SKSmTN2QPUbq Przyjmę na klatę każdą krytykę bo mi się należy liść","@everyone 🤬 index $$$ dziś miałem taką sytuację a mianowicie obserwowałem co robi $ piękna NLO i 2 próby retestu druga nie dojechała do końca, ale dość blisko. Złapany jak młody dzieciak. Plan na :XAUUSD:  jako lustrzane odbicie i wszedłem w pozycję sell 😭 nie powiem ze dzień stracony trzymam się planu, a to ze rozjechało mnie jak żabę to tylko sprowadza mnie do reflexi nad większą pracą nad sobą. Dlaczego trzymam się planu po fuckapowej sytuacji z braku SL no bo przecież index poleci w kosmos 🤦‍♂️ (debil) widzę światełko w tunelu w oczekiwaniu korekty do 61.8 z całego impulsu spadkowego i to jakby chroni moje monitory przed wy..... ich przez okno nie nie to tak tylko do wybrzmienia słowa. Płęta  nie popełnia błędów ten który nic nie robi 💪 https://prnt.sc/05PX7OnkbZZt https://prnt.sc/SKSmTN2QPUbq Przyjmę na klatę każdą krytykę bo mi się należy liść",0
1162052821210906735,2023-10-12T17:43:02.474+02:00,darassb2b,PRekisoriuS,false,XAUUSD,SELL,1,,,high,":XAUUSD: :sell: :zysk:  dziś z dużymi obawami strachem, ale do odważnych swiat należy z poukładaną głową i planem działania https://prnt.sc/iMr_1t1J_-R8",":XAUUSD: :sell: :zysk:  dziś z dużymi obawami strachem, ale do odważnych swiat należy z poukładaną głową i planem działania https://prnt.sc/iMr_1t1J_-R8",0
1162386025268658266,2023-10-13T15:47:04.512+02:00,damiangolebiewski,Damian Gołębiewski,false,USOIL,SELL,1,,,high,":USOIL: https://prnt.sc/sMrjnYiS4ZDu :sell: Bardzo ryzykowne zagranie po tym ruchu wzrostowym z całego dnia. Zaznaczyłem strefę na której pojawiali się kupujący (Support) Pojawiła się ładna micro rotacja spadkowa, korekta do jej PZ i świeca sygnałowa. Postanowiłem wejść, ale z takim ryzykiem by na strefie Support był ruch 1:1 by zamknąć 50%. Tak się też stało. Teraz niech lecą 😄 Czy do open ? Wątpię. No, ale kto wie... 🙂",":USOIL: https://prnt.sc/sMrjnYiS4ZDu :sell: Bardzo ryzykowne zagranie po tym ruchu wzrostowym z całego dnia. Zaznaczyłem strefę na której pojawiali się kupujący (Support) Pojawiła się ładna micro rotacja spadkowa, korekta do jej PZ i świeca sygnałowa. Postanowiłem wejść, ale z takim ryzykiem by na strefie Support był ruch 1:1 by zamknąć 50%. Tak się też stało. Teraz niech lecą 😄 Czy do open ? Wątpię. No, ale kto wie... 🙂",0
1169241968560320593,2023-11-01T12:50:08.77+01:00,dawidmaksymiuk,Dawid Maksymiuk,false,EURUSD,BUY,6,,,high,:pac: :BUY: :EURUSD: https://prnt.sc/JsRAs16oZpQK fajnie  by było jakbym takie coś zobaczył,:pac: :BUY: :EURUSD: https://prnt.sc/JsRAs16oZpQK fajnie  by było jakbym takie coś zobaczył,0
1172510711474294884,2023-11-10T13:18:57.811+01:00,dawidmaksymiuk,Dawid Maksymiuk,false,USOIL,BUY,17,,,high,:pac: :BUY: :USOIL: https://prnt.sc/R-17NBgeGWft,:pac: :BUY: :USOIL: https://prnt.sc/R-17NBgeGWft,0
1174033626468470825,2023-11-14T18:10:29.04+01:00,damiangolebiewski,Damian Gołębiewski,false,USOIL,BUY,1,,,high,":USOIL:  https://prnt.sc/__K9RYR2qTH7  :sell: 
 Wyznaczyłem Trading Range. Cena po wydarzeniach wyskoczyła z Trading Range ku górze. Chciałem, żeby odklepali Vol Yellow przed powrotem do strefy Non Trade. Nastąpiło odklepanie tego Targetu. Jedyne co mnie blokowalo to widoczna NLO i była potrzebna micro rotacja spadkowa. Pojawiła się wspomniana rotacja od Vol Yellow i przebicie NLO. Co istotne w chwili przebicia NLO w pobliżu była EMA21. Wszedłem w pozycję ustawiając SL  nad Vol Yellow. Full TP to Open Dnia. Chociaż jak dojadą to może zamknę pozycję przy krawędzi Range.",":USOIL:  https://prnt.sc/__K9RYR2qTH7  :sell: 
 Wyznaczyłem Trading Range. Cena po wydarzeniach wyskoczyła z Trading Range ku górze. Chciałem, żeby odklepali Vol Yellow przed powrotem do strefy Non Trade. Nastąpiło odklepanie tego Targetu. Jedyne co mnie blokowalo to widoczna NLO i była potrzebna micro rotacja spadkowa. Pojawiła się wspomniana rotacja od Vol Yellow i przebicie NLO. Co istotne w chwili przebicia NLO w pobliżu była EMA21. Wszedłem w pozycję ustawiając SL  nad Vol Yellow. Full TP to Open Dnia. Chociaż jak dojadą to może zamknę pozycję przy krawędzi Range.",0
1174424612151492730,2023-11-15T20:04:07.291+01:00,dawidmaksymiuk,Dawid Maksymiuk,false,US500,SELL,0,,,high,pierwsza rozkmina target na open dnia https://prnt.sc/es06ydhB4VXj :pac: :US500: :sell:  potem wywaliło mnie na SL z zyskiem i  druga rozkmina na ruch mierzony full TP https://prnt.sc/XPQgM30DFhy3,pierwsza rozkmina target na open dnia https://prnt.sc/es06ydhB4VXj :pac: :US500: :sell:  potem wywaliło mnie na SL z zyskiem i  druga rozkmina na ruch mierzony full TP https://prnt.sc/XPQgM30DFhy3,0
1176218257053720676,2023-11-20T18:51:25.56+01:00,darassb2b,PRekisoriuS,false,XAUUSD,BUY,65,,,high,":XAUUSD: :BUY: w odpowiedzi Damianowi tak jestem w pozycji Buy do korekty z całego impulsu spadkowego po odklepaniu Imbalans z H1 a jednocześnie wejście w PZ oczekiwałem iz rynek zamknie sie nad EMA M5 jak również zobaczę korekte do wymienionej EMY , oczywiście przyglądałem sie strukturze rynku po jej wyłamaniu było to kolejnym sygnałem do zawarcia pozycji w kierunku korekty całego impulsu spadkowego. Po ruchu a jednocześnie po potwierdzeniu kanału wzrostowego odebrałem 65% i finalnie zamkniecie pozycji po odbiciu sie na strefie pullback mierzenia 38,2 💪 😜  https://prnt.sc/7xBtLhmCi-_n   https://prnt.sc/hU-uI4eGdSw7",":XAUUSD: :BUY: w odpowiedzi Damianowi tak jestem w pozycji Buy do korekty z całego impulsu spadkowego po odklepaniu Imbalans z H1 a jednocześnie wejście w PZ oczekiwałem iz rynek zamknie sie nad EMA M5 jak również zobaczę korekte do wymienionej EMY , oczywiście przyglądałem sie strukturze rynku po jej wyłamaniu było to kolejnym sygnałem do zawarcia pozycji w kierunku korekty całego impulsu spadkowego. Po ruchu a jednocześnie po potwierdzeniu kanału wzrostowego odebrałem 65% i finalnie zamkniecie pozycji po odbiciu sie na strefie pullback mierzenia 38,2 💪 😜  https://prnt.sc/7xBtLhmCi-_n   https://prnt.sc/hU-uI4eGdSw7",0
1176384338250702879,2023-11-21T05:51:22.403+01:00,darassb2b,PRekisoriuS,false,XAUUSD,BUY,21,,,high,":XAUUSD: :BUY: wejście nastąpiło po przełamaniu NLO jak również wyjście ceny nad średnią EMA-21, po jej reteście zauważyłem brak siły sprzedających co skłoniło mnie do zawarcia nie jednej a kilku pozycji w kierunku long. Moim targetem był OHL dnia poprzedniego jak również liczyłem na zebranie płynności na szczycie z dnia zapoczątkowanego impulsem spadkowym. SL ustawiłem poniżej wspomnianej linii najmniejszego oporu. Zagranie obarczone dużym ryzykiem z uwagi na to iz rynek był w fazie spadkowej, jak również miejsce wejścia było korektą do poziomów Fibbo całego impulsu spadkowego, również dodatkową przeszkodą był dołek dnia poprzedniego na który rynek reagował. Z uwagi na to ze wejscie było wieczorne nie bardzo mogłęm prowadzić pozycję co na moje szczęście odebrałem FULL TP na wszystkich pozycjach i to ja to rozumiem teraz mogę się na ebać😜 https://prnt.sc/OrbH6x9KaKi3 https://prnt.sc/3rfp0qi6h2Is",":XAUUSD: :BUY: wejście nastąpiło po przełamaniu NLO jak również wyjście ceny nad średnią EMA-21, po jej reteście zauważyłem brak siły sprzedających co skłoniło mnie do zawarcia nie jednej a kilku pozycji w kierunku long. Moim targetem był OHL dnia poprzedniego jak również liczyłem na zebranie płynności na szczycie z dnia zapoczątkowanego impulsem spadkowym. SL ustawiłem poniżej wspomnianej linii najmniejszego oporu. Zagranie obarczone dużym ryzykiem z uwagi na to iz rynek był w fazie spadkowej, jak również miejsce wejścia było korektą do poziomów Fibbo całego impulsu spadkowego, również dodatkową przeszkodą był dołek dnia poprzedniego na który rynek reagował. Z uwagi na to ze wejscie było wieczorne nie bardzo mogłęm prowadzić pozycję co na moje szczęście odebrałem FULL TP na wszystkich pozycjach i to ja to rozumiem teraz mogę się na ebać😜 https://prnt.sc/OrbH6x9KaKi3 https://prnt.sc/3rfp0qi6h2Is",0
1179454390038437978,2023-11-29T17:10:39.788+01:00,dawidmaksymiuk,Dawid Maksymiuk,false,US500,SELL,,,,high,runda druga tylko teraz inny instrument :pac: :US500: :sell: https://prnt.sc/Rf9MnIXj3mNF,runda druga tylko teraz inny instrument :pac: :US500: :sell: https://prnt.sc/Rf9MnIXj3mNF,0
1181631889115717742,2023-12-05T17:23:16.024+01:00,damiangolebiewski,Damian Gołębiewski,false,USOIL,SELL,5,,,high,":USOIL: https://prnt.sc/5hoDFSGPsedf 
Scenariusz omawiany na Sesji Live. 
Ropa przeszła na górną stronę strefy Non Trade. Szliśmy w kierunku Pendulum i od tego Pendulum pojawiła się reakcja. Po reakcji potrzebna była jeszcze micro rotacja spadkowa. Pojawiła się wspomniania rotacja, korekta i świeca sygnałowa, która zamknęła się poniżej EMA21 i NLO. Po tej świecy otworzyłem pozycję Sell. Stop Loss ustawiłem 30 Pips wyżej i mało brakowało a by mnie wycięli 😛 Full TP dolna krawędź Range. Po ruchu 1:1 zamknąłem 50% i SL na BE. Gdy dojechaliśmy do górnej krawędzi Range przestawiłem SL na ruch 1:1, ponieważ czasami oni mocno reagują po zetknięciu z range. chciałem mieć pewny 1% z tego Setupu. 
No i reakcja się pojawiła. Wycięli mnie na BE. Tak czy siak elegancko +1%:zysk:",":USOIL: https://prnt.sc/5hoDFSGPsedf 
Scenariusz omawiany na Sesji Live. 
Ropa przeszła na górną stronę strefy Non Trade. Szliśmy w kierunku Pendulum i od tego Pendulum pojawiła się reakcja. Po reakcji potrzebna była jeszcze micro rotacja spadkowa. Pojawiła się wspomniania rotacja, korekta i świeca sygnałowa, która zamknęła się poniżej EMA21 i NLO. Po tej świecy otworzyłem pozycję Sell. Stop Loss ustawiłem 30 Pips wyżej i mało brakowało a by mnie wycięli 😛 Full TP dolna krawędź Range. Po ruchu 1:1 zamknąłem 50% i SL na BE. Gdy dojechaliśmy do górnej krawędzi Range przestawiłem SL na ruch 1:1, ponieważ czasami oni mocno reagują po zetknięciu z range. chciałem mieć pewny 1% z tego Setupu. 
No i reakcja się pojawiła. Wycięli mnie na BE. Tak czy siak elegancko +1%:zysk:",0
1183771329959297154,2023-12-11T15:04:38.47+01:00,kiewra82,Karol Kiewra,false,USOIL,BUY,6,,,high,:USOIL: :BUY: https://prnt.sc/6-iPw8DzNeQC,:USOIL: :BUY: https://prnt.sc/6-iPw8DzNeQC,0
1195398072583327804,2024-01-12T17:05:09.926+01:00,damiangolebiewski,Damian Gołębiewski,false,US500,BUY,3,,,high,":US500:  https://prnt.sc/BNvVIebPt4bM 
Na sesji wyznaczyliśmy sobie Non Trade Zone i sobie powiedzieliśmy, że czekamy na okazję na powrót do strefy Non Trade. Przebiliśmy delikatnie 3 ekspansję i zaczęliśmy mocno zawracać. Wyznaczyłem sobie NLO, po paru chwilach zaczęliśmy zgodnie z potrzebną micro rotacją przebijać NLO. Wyznaczyłem PZ i czekałem na korektę i reakcję sprzedających świecą sygnałową. Taka się pojawiła więc wszedłem w shorta do dolnej krawędzi Non Trade Zone. (NLO się przesunęła, ale jest to bolączka MT4) SL ustawiałem nad PZ.  Full Take Profit :zysk:",":US500:  https://prnt.sc/BNvVIebPt4bM 
Na sesji wyznaczyliśmy sobie Non Trade Zone i sobie powiedzieliśmy, że czekamy na okazję na powrót do strefy Non Trade. Przebiliśmy delikatnie 3 ekspansję i zaczęliśmy mocno zawracać. Wyznaczyłem sobie NLO, po paru chwilach zaczęliśmy zgodnie z potrzebną micro rotacją przebijać NLO. Wyznaczyłem PZ i czekałem na korektę i reakcję sprzedających świecą sygnałową. Taka się pojawiła więc wszedłem w shorta do dolnej krawędzi Non Trade Zone. (NLO się przesunęła, ale jest to bolączka MT4) SL ustawiałem nad PZ.  Full Take Profit :zysk:",0
1235201246697226302,2024-05-01T14:08:46.142+02:00,_jakubbak,ALLin Jakub Bąk,true,GBPUSD,BUY,,,,high,https://prnt.sc/2MRNmJjD-vWB GBPUSD BUY,https://prnt.sc/2MRNmJjD-vWB GBPUSD BUY,0
1252221865150255255,2024-06-17T13:22:37.809+02:00,grzegorz.d,Grègo,false,USDCHF,BUY,9,9,22;30;60,high,"⠀
Schemat zagrywamy z M5,  RR 3:1

Przygotowujemy pozycje BUY STOP i SELL STOP
- USDCHF, GBPUSD, EURUSD :  SL 9 pips, TP 22-25 pips
- USDCAD: SL 10 pips, TP 30 pips
- XAUUSD: SL 20-25 pips, TP 60 pips

Kilka sekund przed wydarzeniem przesuwamy pozycje bliżej poziomu ceny. Odległość zlecenia od aktualnej ceny: waluty 5-6 pips, złoto 10-15 pips

Po otwarciu jednego zlecenia, usuwamy drugie. Po osiągnięciu ruchu 1:1 przesuwam SL na BE. Warto pamiętać żeby jednak nie robić tego zbyt szybko, bo widać że cena potrafi na chwilę wrócić a później pójść w naszym kierunku. Natomiast wydarzenie powinno jednak wyglądać - ""Jak mają iść, to pójdą zdecydowanym ruchem"". Zlecenie powinno zostać otwarte do 20-30 sekund po czasie wydarzenia  👊 🙂","⠀
Schemat zagrywamy z M5,  RR 3:1

Przygotowujemy pozycje BUY STOP i SELL STOP
- USDCHF, GBPUSD, EURUSD :  SL 9 pips, TP 22-25 pips
- USDCAD: SL 10 pips, TP 30 pips
- XAUUSD: SL 20-25 pips, TP 60 pips

Kilka sekund przed wydarzeniem przesuwamy pozycje bliżej poziomu ceny. Odległość zlecenia od aktualnej ceny: waluty 5-6 pips, złoto 10-15 pips

Po otwarciu jednego zlecenia, usuwamy drugie. Po osiągnięciu ruchu 1:1 przesuwam SL na BE. Warto pamiętać żeby jednak nie robić tego zbyt szybko, bo widać że cena potrafi na chwilę wrócić a później pójść w naszym kierunku. Natomiast wydarzenie powinno jednak wyglądać - ""Jak mają iść, to pójdą zdecydowanym ruchem"". Zlecenie powinno zostać otwarte do 20-30 sekund po czasie wydarzenia  👊 🙂",0
1273295855147024404,2024-08-14T17:03:08.56+02:00,pawelkrynicki,ALLin Paweł Krynicki,true,XAUUSD,SELL,7,,,high,"#LTS PAC
GOLD
https://prnt.sc/7fvEX9DsqrrK  - ciekawa sytuacja sell pattern #4 z set-upów mikrorotacyjnych w grze. Wejście na mocnej świecy sygnałowej – cel, druga noga ruchu MM, w połowie mniej więcej VOL YELLOW i tam chcę zabezpieczyć pozycję","#LTS PAC
GOLD
https://prnt.sc/7fvEX9DsqrrK  - ciekawa sytuacja sell pattern #4 z set-upów mikrorotacyjnych w grze. Wejście na mocnej świecy sygnałowej – cel, druga noga ruchu MM, w połowie mniej więcej VOL YELLOW i tam chcę zabezpieczyć pozycję",0
1275013248063901738,2024-08-19T10:47:26.939+02:00,tomleb1,ALLin Tomasz Lebiocki,true,EURUSD,SELL,2,,,high,"Cześć,
EURUSD
Obecnie na szerokim planie kończymy 2gą nogę. Planuję zagrać na dojście ceny do strefy Pullback. Wstępnie poczekam aż cena dojdzie do targetu oraz do krawędzi tunelu, zawróci , być może jakiś retest, zejście pod ema 21 i wejście w pozycję SELL . Dajcie znać co sądzicie? 
https://prnt.sc/AMMUn9hpWTNw","Cześć,
EURUSD
Obecnie na szerokim planie kończymy 2gą nogę. Planuję zagrać na dojście ceny do strefy Pullback. Wstępnie poczekam aż cena dojdzie do targetu oraz do krawędzi tunelu, zawróci , być może jakiś retest, zejście pod ema 21 i wejście w pozycję SELL . Dajcie znać co sądzicie? 
https://prnt.sc/AMMUn9hpWTNw",0
1278306902073278485,2024-08-28T12:55:15.248+02:00,kiewra82,Karol Kiewra,false,XAUUSD,SELL,200,,,high,:XAUUSD: :sell: potencjał na 200 ticków https://prnt.sc/r_J8yspLv2n0,:XAUUSD: :sell: potencjał na 200 ticków https://prnt.sc/r_J8yspLv2n0,0
1285564696136515604,2024-09-17T13:35:08.196+02:00,kiewra82,Karol Kiewra,false,XAUUSD,BUY,38.2,,,high,:XAUUSD: :BUY: Jest reakcja na 38.2% (korekta z impulsu spadkowego) mimo to bardziej skłaniam się do zagrania longa jak na screenie: https://prnt.sc/LWJ0ZpFANdyH,:XAUUSD: :BUY: Jest reakcja na 38.2% (korekta z impulsu spadkowego) mimo to bardziej skłaniam się do zagrania longa jak na screenie: https://prnt.sc/LWJ0ZpFANdyH,0
1293563391222349824,2024-10-09T15:19:05.713+02:00,kiewra82,Karol Kiewra,false,XAUUSD,SELL,2,,,high,:XAUUSD: :sell: bez tłumaczenia - takie zagranie😎 https://prnt.sc/Y22gYpfj374y,:XAUUSD: :sell: bez tłumaczenia - takie zagranie😎 https://prnt.sc/Y22gYpfj374y,0
1310978279959695371,2024-11-26T15:39:38.741+01:00,kiewra82,Karol Kiewra,false,USOIL,SELL,0,,,high,:USOIL: :sell: https://prnt.sc/0vUsxJcwS2FU,:USOIL: :sell: https://prnt.sc/0vUsxJcwS2FU,0
1317158306414067723,2024-12-13T16:56:51.867+01:00,pawelkrynicki,ALLin Paweł Krynicki,true,DAX,SELL,39,,,high,"Na tym samym DAX dzisiaj Krzysiek na sesji wszedł w short i miał full TP. Przegapiłeś zmianę momentum rynku. Ja osobiście DAX nie gram, ale dzisiaj na sesji Krzysiek mówił, że na DAX lubią re-testować dołki i do tego dołka cena dzisiaj cisnęła po zmianie momentum: https://prnt.sc/H139t1muibeR warto również sobie wyrysowywać linie wsparcia/oporów, które podpowiadają, co w danej sytuacji może się wydarzyć","Na tym samym DAX dzisiaj Krzysiek na sesji wszedł w short i miał full TP. Przegapiłeś zmianę momentum rynku. Ja osobiście DAX nie gram, ale dzisiaj na sesji Krzysiek mówił, że na DAX lubią re-testować dołki i do tego dołka cena dzisiaj cisnęła po zmianie momentum: https://prnt.sc/H139t1muibeR warto również sobie wyrysowywać linie wsparcia/oporów, które podpowiadają, co w danej sytuacji może się wydarzyć",0
1318598131696275507,2024-12-17T16:18:12.965+01:00,kiewra82,Karol Kiewra,false,XAUUSD,BUY,34,,,high,:XAUUSD: :BUY: można polemizować jaki jest dzisiaj dzień handlowy- założyłem zmianę kierunku https://prnt.sc/34U-0mz8jqMd,:XAUUSD: :BUY: można polemizować jaki jest dzisiaj dzień handlowy- założyłem zmianę kierunku https://prnt.sc/34U-0mz8jqMd,0
1318924310135701545,2024-12-18T13:54:19.965+01:00,przemek0678,PAKA,false,BTCUSD,BUY,4,,,high,"MRB#3 na BTCUSD, Czy ktoś może to zweryfikować? Zagranie BUY potem dołożony SL, zagrywam z telefonu i MT 4 jest ciężka do ustawienia, zdecydowanie wolę MT5 w tym temacie. Puściłem cenę samopas bez TP miałem cały czas ją na oku. Wchodziłem na pierwszej niezamkniętej świecy,teraz widzę że powinienem na drugiej.","MRB#3 na BTCUSD, Czy ktoś może to zweryfikować? Zagranie BUY potem dołożony SL, zagrywam z telefonu i MT 4 jest ciężka do ustawienia, zdecydowanie wolę MT5 w tym temacie. Puściłem cenę samopas bez TP miałem cały czas ją na oku. Wchodziłem na pierwszej niezamkniętej świecy,teraz widzę że powinienem na drugiej.",1
1349134258735808512,2025-03-11T22:37:52.985+01:00,przemek0678,PAKA,false,BTCUSD,SELL,2,,,high,"Dzisiejszy najważniejszy instrument, UK100. Epicki SL po błędzie z wielkością pozycji -9000$ !!! (zagrania na telefonie mają właśnie takie minusy) Setup na drugą nogę i Longa, jednak dzisiaj indeks nie miał zamiaru zmieniać kierunku trendu ze spadkowego na wzrostowy. Po przeanalizowaniu doszedłem do wniosku że zagram setup na drugą nogę ale Short z początkiem pierwszej nogi 10.03, no ii siadło. Zamknięcie połowy pozycji i SL na BE wybity. Obecna korekta 2 nogi która jest blisko górnej granicy PB daje nadzieję na wejście na 3 nogę. Ale jak już sobie daruję...  Poza tym jeszcze BTCUSD w setupie na 2 nogę dało połowę i jest dalej w grze po TP.","Dzisiejszy najważniejszy instrument, UK100. Epicki SL po błędzie z wielkością pozycji -9000$ !!! (zagrania na telefonie mają właśnie takie minusy) Setup na drugą nogę i Longa, jednak dzisiaj indeks nie miał zamiaru zmieniać kierunku trendu ze spadkowego na wzrostowy. Po przeanalizowaniu doszedłem do wniosku że zagram setup na drugą nogę ale Short z początkiem pierwszej nogi 10.03, no ii siadło. Zamknięcie połowy pozycji i SL na BE wybity. Obecna korekta 2 nogi która jest blisko górnej granicy PB daje nadzieję na wejście na 3 nogę. Ale jak już sobie daruję...  Poza tym jeszcze BTCUSD w setupie na 2 nogę dało połowę i jest dalej w grze po TP.",3
1368885177518002176,2025-05-05T11:40:58.977+02:00,kiewra82,Karol Kiewra,false,XAUUSD,BUY,3,,,high,:XAUUSD: :BUY: - złoto z opcją zagrania na 3 nogę (jak dojdzie do korekty😎 😜 ) https://prnt.sc/tJeFlkKZmQ4Q,:XAUUSD: :BUY: - złoto z opcją zagrania na 3 nogę (jak dojdzie do korekty😎 😜 ) https://prnt.sc/tJeFlkKZmQ4Q,0
1369366993483862098,2025-05-06T19:35:32.855+02:00,augustus.majowy,Augustus,false,XAUUSD,BUY,2,,,high,:XAUUSD: :BUY:  PAC 2-leg MM & potwierdzenie z MMD https://prnt.sc/ZqTX1PwSalui,:XAUUSD: :BUY:  PAC 2-leg MM & potwierdzenie z MMD https://prnt.sc/ZqTX1PwSalui,0
1379780700110192681,2025-06-04T13:15:53.992+02:00,kiewra82,Karol Kiewra,false,XAUUSD,SELL,2,,,high,:XAUUSD: :sell:  Krzysztof_Zuba w ramach rehabilitacji🫣 😎  (podobna akcja dzisiaj na złocie co wczoraj na ropie) https://prnt.sc/M0dMmRW82Sui,:XAUUSD: :sell:  Krzysztof_Zuba w ramach rehabilitacji🫣 😎  (podobna akcja dzisiaj na złocie co wczoraj na ropie) https://prnt.sc/M0dMmRW82Sui,0
1382064800929943783,2025-06-10T20:32:06.064+02:00,kiewra82,Karol Kiewra,false,USOIL,BUY,22,,,high,:USOIL: dzisiejszy long na sesji zakończony nie dużym plusem- wyjście z palca; aktualnie możliwe odklepanie pendolino (czas może kiepski ale o 22:00 przemawia trampek- będzie się działo🤪 ) https://prnt.sc/z2Di4jQGs7IZ,:USOIL: dzisiejszy long na sesji zakończony nie dużym plusem- wyjście z palca; aktualnie możliwe odklepanie pendolino (czas może kiepski ale o 22:00 przemawia trampek- będzie się działo🤪 ) https://prnt.sc/z2Di4jQGs7IZ,0
1382276075723161700,2025-06-11T10:31:37.9+02:00,augustus.majowy,Augustus,false,XAUUSD,BUY,2,,,high,":XAUUSD: :BUY: zloto PAC 2-leg longi TP1 w punkt bez Ai i dziekuje
https://prnt.sc/XFTlnqb4SiGP , https://prnt.sc/o5kQXkI4aeLX",":XAUUSD: :BUY: zloto PAC 2-leg longi TP1 w punkt bez Ai i dziekuje
https://prnt.sc/XFTlnqb4SiGP , https://prnt.sc/o5kQXkI4aeLX",0
1384341801657438238,2025-06-17T03:20:05.342+02:00,marcin85z_74822,Marcin85z,false,EURUSD,,2,,,medium,"#PAC#EURUSD Cześć wszystkim. wyznaczyłem z poprzedniego dnia wyszło mi że jest Trading Range,  wyznaczyłem Support Line, 2try Fail, wyznaczona mikrorotacja, liczyłem ruchy do 3, wszystko jak  na sesji z Range Day. Proszę o OPINIĘ. Co mógłbym dodać czy poprawić? Z góry dziękuje🙃",,3
1394726474749313084,2025-07-15T19:05:04.345+02:00,marcin85z_74822,Marcin85z,false,EURUSD,,1,,,medium,"cześć wszystkim. #PAC#EURUSD dzisiejszy Plan i Ruch RR 1:1.  Trend spadkowy,  Kanał rotacyjny, pierwsza noga ładna, druga noga jak Piorun wpływ wydarzeń przemowa FOMC  Member Bowman.",,1
1404700682937700432,2025-08-12T07:39:00.889+02:00,lukaszkoza_08365,lukaszkoza,false,EURUSD,BUY,11.08,,,high,"Siemka , poniżej zagranie wczoraj pod wieczór na EURUSD (wykres TICK) 11,08  18:59  
Zlecenie BUY limit +- 1:1 ,  impuls wzrostowy zmierzony, korekta do mierzenia wewtętrznego 38,2, świeca zamyka się nad emą  i tam wejście w pozycje ,  
https://prnt.sc/kzhCauy9XCD8 , po uzyskaniu 50 % zysku ustawienie zabezpieczenia pozycji BE https://prnt.sc/w80zbAMZQ90F 

FULL TP zebrany, cena doszła do targetu MM. https://prnt.sc/3KHaMHpyiUhF","Siemka , poniżej zagranie wczoraj pod wieczór na EURUSD (wykres TICK) 11,08  18:59  
Zlecenie BUY limit +- 1:1 ,  impuls wzrostowy zmierzony, korekta do mierzenia wewtętrznego 38,2, świeca zamyka się nad emą  i tam wejście w pozycje ,  
https://prnt.sc/kzhCauy9XCD8 , po uzyskaniu 50 % zysku ustawienie zabezpieczenia pozycji BE https://prnt.sc/w80zbAMZQ90F 

FULL TP zebrany, cena doszła do targetu MM. https://prnt.sc/3KHaMHpyiUhF",0
1424816531665322107,2025-10-06T19:52:12.96+02:00,wojownik_100,Wmaster1-Wojtek,false,US30,SELL,2,,,high,"kolejny pomysl na zagranie US30  podebrane Pawlowi z Live dzisiaj, tworzy sie 2 try trap , czekam na dynamiczne zejscie pod EMA21 i zajecie pozycji Short na zagranie 1:2 nie dalej ze wzgledu na pozna pore oraz spory Volumen na poprednim dolku, zobaczymy co z tego wyjdzie 🙂","kolejny pomysl na zagranie US30  podebrane Pawlowi z Live dzisiaj, tworzy sie 2 try trap , czekam na dynamiczne zejscie pod EMA21 i zajecie pozycji Short na zagranie 1:2 nie dalej ze wzgledu na pozna pore oraz spory Volumen na poprednim dolku, zobaczymy co z tego wyjdzie 🙂",1
1428489923576725644,2025-10-16T23:08:57.84+02:00,fenelon00,Karol,false,USOIL,BUY,1,,,high,":USOIL:  Dzisiaj **WTI/ROPA**, plan był taki, że mikro spadkowa potwierdzona z wyjściem z kanału który się zarysował w trakcie dnia, powrót do EMA, przebicie ponowne kanału i wszedłem w miejscu na screenie (zastanawiam się czy mogłem poczekać na retest do kanału który później był, ale nie wiem czy słusznie, mogło nie być takiego retestu hmm). Po zrobieniu ruchu 1:1 przestawiłem na BE, ale cofnęli się z ceną (niby o 18:00 wydarzenia były, ale cena zawróciła mocno jeszcze przed) i wycieli mi SL na lekki plusie, następnie zjechali idealnie po TP. Gdybym trzymał SL bez zmian, to TP byłby wzięty, ale chciałem bezpiecznie – zapewne zrobiłem dobrze, także kolejne cenne doświadczenie 😉",":USOIL:  Dzisiaj **WTI/ROPA**, plan był taki, że mikro spadkowa potwierdzona z wyjściem z kanału który się zarysował w trakcie dnia, powrót do EMA, przebicie ponowne kanału i wszedłem w miejscu na screenie (zastanawiam się czy mogłem poczekać na retest do kanału który później był, ale nie wiem czy słusznie, mogło nie być takiego retestu hmm). Po zrobieniu ruchu 1:1 przestawiłem na BE, ale cofnęli się z ceną (niby o 18:00 wydarzenia były, ale cena zawróciła mocno jeszcze przed) i wycieli mi SL na lekki plusie, następnie zjechali idealnie po TP. Gdybym trzymał SL bez zmian, to TP byłby wzięty, ale chciałem bezpiecznie – zapewne zrobiłem dobrze, także kolejne cenne doświadczenie 😉",1
1437144659603230772,2025-11-09T19:19:47.706+01:00,dawid.ge,Dawid.Ge,false,USDJPY,BUY,3,,,high,"USDJPY, Wykres Tickowy,  Do sprawdzenia, wiem ze 3-noga nie zrobila zakresu nogi drugiej, ale dzis tak sobie mysle ze przeciez dotarla do najnizszego punktu nogi 2. po czym byl RANGE, cena reagowala na strefie S/R (Zaznaczonej na zolto), mikrorotacja wzrostowa, CROSS, mala korekta i odbicie sie od EMA 21  swiecy Marubozu i okazja na wejscie w pozycje LONG. Czy moj plan byl choc troche zgodny ?","USDJPY, Wykres Tickowy,  Do sprawdzenia, wiem ze 3-noga nie zrobila zakresu nogi drugiej, ale dzis tak sobie mysle ze przeciez dotarla do najnizszego punktu nogi 2. po czym byl RANGE, cena reagowala na strefie S/R (Zaznaczonej na zolto), mikrorotacja wzrostowa, CROSS, mala korekta i odbicie sie od EMA 21  swiecy Marubozu i okazja na wejscie w pozycje LONG. Czy moj plan byl choc troche zgodny ?",0
1438491834123948033,2025-11-13T12:32:59.141+01:00,krzysztof_73290,Krzysztof,false,DAX,SELL,3182.18,,,high,"Dziś rewelacja. Poza tym, że na złocie wziąłem swoje to na DAX zrobiłem plan i wyszło mi, że jest znaczny potencjał na sprzedaż.
Już rozliczone. Dokładnie 3182,18 USD.","Dziś rewelacja. Poza tym, że na złocie wziąłem swoje to na DAX zrobiłem plan i wyszło mi, że jest znaczny potencjał na sprzedaż.
Już rozliczone. Dokładnie 3182,18 USD.",1
1448365994245357638,2025-12-10T18:29:22.367+01:00,lukas.s19,ALLin Lukas Serwin,true,XAUUSD,SELL,695,,,high,":XAUUSD: :sell:  zagranie z wczorajszej sesji PAC powrot do range. Troszke to trwalo ale pieknie wyczekany setup. Gratuluje tym ktorzy cierpliwie poczekali na powrot ceny by nas zlapalo, a tym ktorzy zlapali FOMO zyczymy wiecej cierlipwosci  https://prnt.sc/695XoDq4q93Z    https://prnt.sc/JeoKbC4ijJob",":XAUUSD: :sell:  zagranie z wczorajszej sesji PAC powrot do range. Troszke to trwalo ale pieknie wyczekany setup. Gratuluje tym ktorzy cierpliwie poczekali na powrot ceny by nas zlapalo, a tym ktorzy zlapali FOMO zyczymy wiecej cierlipwosci  https://prnt.sc/695XoDq4q93Z    https://prnt.sc/JeoKbC4ijJob",0
1458162045647327499,2026-01-06T19:15:23.023+01:00,jakubf2023,jakub,false,XAUUSD,BUY,1,,,high,":XAUUSD: :BUY:  ZAGRANIE NA MM3. Po ruchu 1:1 zamknięta połowa pozycji, ostateczenie FULL TP :zysk:  RR 1:2.40",":XAUUSD: :BUY:  ZAGRANIE NA MM3. Po ruchu 1:1 zamknięta połowa pozycji, ostateczenie FULL TP :zysk:  RR 1:2.40",1
1460973936379428984,2026-01-14T13:28:50.016+01:00,mk19910997,MichałK,false,XAUUSD,SELL,2,,,high,:XAUUSD: :sell:  Range 2 Try Fail Setup + AI Vol 1:2 Full TP,:XAUUSD: :sell:  Range 2 Try Fail Setup + AI Vol 1:2 Full TP,2
1476542814405005485,2026-02-26T12:33:59.793+01:00,trader115_19019,TRADER115,false,AUDUSD,BUY,2,,,high,"Witam. @ALLin Maciej Sapierzyński @ALLin Paweł Krynicki Złapałem wczoraj trochę sesji azji na AUDUSD. Wszedłem ciut za późno, ale złapałem trochę ruchu z góry do tak około połowy boxa (tam zamknąłem 2/3 pozycji-był poziom 61.8 to myślę, że się może odwrócić ruch, a jedna trzecia zabezpieczona na malutki zysk na BE i zostawiłem to już w spokoju, ale jednak ta 1/3 pozycji się odwróciła i zamknęła na tym mini zysku). Box jest na różowo, a inne moje zaznaczenie nie są takie ważne. Pozdrawiam.","Witam. @ALLin Maciej Sapierzyński @ALLin Paweł Krynicki Złapałem wczoraj trochę sesji azji na AUDUSD. Wszedłem ciut za późno, ale złapałem trochę ruchu z góry do tak około połowy boxa (tam zamknąłem 2/3 pozycji-był poziom 61.8 to myślę, że się może odwrócić ruch, a jedna trzecia zabezpieczona na malutki zysk na BE i zostawiłem to już w spokoju, ale jednak ta 1/3 pozycji się odwróciła i zamknęła na tym mini zysku). Box jest na różowo, a inne moje zaznaczenie nie są takie ważne. Pozdrawiam.",1
1507084509437362207,2026-05-21T20:15:47.326+02:00,krzysztof02109,Krzysztof.W,false,EURUSD,BUY,,,,high,https://prnt.sc/wt-ljPW61nAs  Range day  back to Range   zagranie na popoludniowej sesji  PAC   wszyscy byli zgodni uzyc  micro setup nr 3  na wejscie w pozycje Long :EURUSD:,https://prnt.sc/wt-ljPW61nAs  Range day  back to Range   zagranie na popoludniowej sesji  PAC   wszyscy byli zgodni uzyc  micro setup nr 3  na wejscie w pozycje Long :EURUSD:,0
